timestamp,flow_id,src_ip,dst_ip,src_port,dst_port,protocol,l7_protocol,packet_count,byte_count,packets_per_second,bytes_per_second,avg_packet_size,retransmission_count,retransmission_rate,consecutive_retrans,out_of_order_count,tcp_resets,zero_window_count,zero_window_duration,syn_count,syn_ack_count,syn_to_synack_ratio,fin_count,rst_count,psh_count,duplicate_acks,ttl_min,ttl_avg,ttl_stddev,payload_entropy,dns_failures,connection_state,connection_duration,handshake_latency,error_rate,half_open_connections,is_blocked_flow,inter_arrival_mean_ms,inter_arrival_std_ms,inter_arrival_jitter,latency_p50,latency_p95,latency_p99,tail_latency_ratio,tcp_window_min,tcp_window_avg,tcp_window_drops,connection_rate,connection_churn,abnormal_termination_ratio,cpu_usage_percent,process_cpu_top3,cpu_nr_periods,cpu_nr_throttled,cpu_throttled_time_ms,cpu_throttle_ratio,memory_usage_percent,memory_available_mb,swap_usage_percent,oom_kill_count,disk_read_mb,disk_write_mb,disk_avg_latency_us,disk_queue_depth,tcp_listen_overflows,tcp_listen_drops,process_exits,high_io_latency,cpu_contention,cpu_throttled,memory_critical,swap_active,disk_saturated,http_status_code,http_method,http_latency_ms,grpc_status_code,grpc_method,dns_response_code,dns_num_answers,dns_query_latency_ms,dns_query_latency_p95,kafka_api_key,kafka_error_code,l7_protocol_detected,namespace,pod_name,service_name,verdict,drop_reason,anomaly_label,anomaly_severity,remediation_action
1770047065,a2280051,10.103.149.109,10.0.0.254,80,51424,6,0,3,505,0.6,101.0,168.33333333333334,0,0.0,0.0,0,0.0,0,0.0,0,0,0.0,0,0,2,0.0,63.0,63.0,0.0,1.0,0.0,ESTABLISHED,5.0,0.0,0.0,0,1,30.02000998822041,42.43980232338337,1.4137171286763854,60.02948200330138,60.02948200330138,60.02948200330138,1.0,63.0,63.0,0.0,0.0,0.0,0.0,4.0,idle,120353,117932,15640024.022,0.9798841740546559,17.8,51553.63671875,0.0,0,6063.71923828125,94508.1181640625,3236.6674615455836,0,0,0,0,0,0,1,0,0,0,0.0,,0.0,0.0,,0.0,0.0,0.0,0.0,0.0,0.0,,default,httpbin-755bfcfdf-s5d6k,,FORWARDED,,1,0,0
1770047065,433bb2bc,10.103.149.109,10.0.0.254,80,51470,6,0,2,223,0.4,44.6,111.5,0,0.0,0.0,0,0.0,0,0.0,0,0,0.0,0,0,1,0.0,63.0,63.0,0.0,1.0,0.0,ESTABLISHED,5.0,0.0,0.0,0,1,40.997011004947126,0.0,0.0,0.0,0.0,0.0,0.0,63.0,63.0,0.0,0.0,0.0,0.0,4.4,python3(166.5%),0,0,0.0,0.0,17.8,51553.63671875,0.0,0,6063.71923828125,94508.1181640625,3236.6674615455836,0,0,0,0,0,0,0,0,0,0,0.0,,0.0,0.0,,0.0,0.0,0.0,0.0,0.0,0.0,,default,httpbin-755bfcfdf-s5d6k,,FORWARDED,,1,0,0
1770047065,dc00bdc9,10.103.149.109,10.0.0.254,80,51448,6,0,456,103284,91.2,20656.8,226.5,0,0.0,0.0,0,0.0,0,0.0,0,0,0.0,0,0,456,0.0,63.0,63.0,0.0,0.0043859649122807015,0.0,ESTABLISHED,5.0,0.0,0.0,0,1,0.1333699845657735,0.12641754067498542,0.947871000259737,0.01631100894883275,0.28733001090586185,0.3416099934838712,20.9435231478012,63.0,63.0,0.0,0.0,0.0,0.0,5.0,"python3(81.1%),cilium-envoy(80.8%)",0,0,0.0,0.0,17.8,51553.63671875,0.0,0,6063.71923828125,94508.1181640625,3236.6674615455836,0,0,0,0,0,0,0,0,0,0,0.0,,0.0,0.0,,0.0,0.0,0.0,0.0,0.0,0.0,,default,httpbin-755bfcfdf-s5d6k,,FORWARDED,,1,0,0
1770047065,6fbb1d70,10.0.0.254,10.0.0.32,51448,80,6,0,446,31220,89.2,6244.0,70.0,0,0.0,0.0,0,0.0,0,0.0,0,0,0.0,0,0,223,0.0,63.0,63.0,0.0,0.004484304932735426,0.0,ESTABLISHED,5.0,0.0,0.0,0,1,0.13352293937121718,0.13131298571038555,0.9834488839802458,0.008399016223847866,0.2958109835162759,0.3541099722497165,42.160886800559965,673.0,673.0,0.0,0.0,0.0,0.0,2.6,python3(162.5%),0,0,0.0,0.0,17.8,51553.63671875,0.0,0,6063.71923828125,94508.1181640625,3236.6674615455836,0,0,0,0,0,0,0,0,0,0,0.0,,0.0,0.0,,0.0,0.0,0.0,0.0,0.0,0.0,,default,load-test-wrk,,FORWARDED,,1,0,0
1770047065,39e7ec58,10.103.149.109,10.0.0.254,80,51414,6,0,3,505,0.6,101.0,168.33333333333334,0,0.0,0.0,0,0.0,0,0.0,0,0,0.0,0,0,2,0.0,63.0,63.0,0.0,1.0,0.0,ESTABLISHED,5.0,0.0,0.0,0,1,27.34415850136429,38.658470339707186,1.4137743656576005,54.679825028870255,54.679825028870255,54.679825028870255,1.0,63.0,63.0,0.0,0.0,0.0,0.0,5.4,"python3(89.5%),kube-apiserver(89.1%)",1,1,169.682,1.0,17.8,51553.63671875,0.0,0,6063.71923828125,94508.1181640625,3236.6674615455836,0,0,0,0,0,0,1,0,0,0,0.0,,0.0,0.0,,0.0,0.0,0.0,0.0,0.0,0.0,,default,httpbin-755bfcfdf-s5d6k,,FORWARDED,,1,0,0
1770047065,e5412f4b,10.103.149.109,10.0.0.254,80,51406,6,0,3,505,0.6,101.0,168.33333333333334,0,0.0,0.0,0,0.0,0,0.0,0,0,0.0,0,0,2,0.0,63.0,63.0,0.0,1.0,0.0,ESTABLISHED,5.0,0.0,0.0,0,1,26.487806986551732,37.44614209016326,1.4137124341465959,52.96622798778117,52.96622798778117,52.96622798778117,1.0,63.0,63.0,0.0,0.0,0.0,0.0,2.9,idle,0,0,0.0,0.0,17.8,51553.63671875,0.0,0,6063.71923828125,94508.1181640625,3236.6674615455836,1,0,0,0,0,0,0,0,0,0,0.0,,0.0,0.0,,0.0,0.0,0.0,0.0,0.0,0.0,,default,httpbin-755bfcfdf-s5d6k,,FORWARDED,,1,0,0
1770047065,7cf72872,10.103.149.109,10.0.0.254,80,51490,6,0,1,52,0.2,10.4,52.0,0,0.0,0.0,0,0.0,0,0.0,0,0,0.0,0,0,0,0.0,63.0,63.0,0.0,1.0,0.0,ESTABLISHED,5.0,0.0,0.0,0,1,0.0,0.0,0.0,0.0,0.0,0.0,0.0,63.0,63.0,0.0,0.0,0.0,0.0,5.6,python3(182.5%),0,0,0.0,0.0,17.8,51553.63671875,0.0,0,6063.71923828125,94508.1220703125,3236.6685732290644,0,0,0,0,0,0,0,0,0,0,0.0,,0.0,0.0,,0.0,0.0,0.0,0.0,0.0,0.0,,default,httpbin-755bfcfdf-s5d6k,,FORWARDED,,1,0,0
1770047065,a14b6819,10.103.149.109,10.0.0.254,80,51478,6,0,1,52,0.2,10.4,52.0,0,0.0,0.0,0,0.0,0,0.0,0,0,0.0,0,0,0,0.0,63.0,63.0,0.0,1.0,0.0,ESTABLISHED,5.0,0.0,0.0,0,1,0.0,0.0,0.0,0.0,0.0,0.0,0.0,63.0,63.0,0.0,0.0,0.0,0.0,2.9,python3(89.4%),0,0,0.0,0.0,17.8,51553.63671875,0.0,0,6063.71923828125,94508.1220703125,3236.6685732290644,0,0,0,0,0,0,0,0,0,0,0.0,,0.0,0.0,,0.0,0.0,0.0,0.0,0.0,0.0,,default,httpbin-755bfcfdf-s5d6k,,FORWARDED,,1,0,0
1770047065,c8fedaa1,10.103.149.109,10.0.0.254,80,51392,6,0,3,505,0.6,101.0,168.33333333333334,0,0.0,0.0,0,0.0,0,0.0,0,0,0.0,0,0,2,0.0,63.0,63.0,0.0,1.0,0.0,ESTABLISHED,5.0,0.0,0.0,0,1,25.63115250086412,36.23639475886417,1.4137637688216522,51.254152960609645,51.254152960609645,51.254152960609645,1.0,63.0,63.0,0.0,0.0,0.0,0.0,5.6,python3(81.6%),1,1,394.601,1.0,17.8,51553.63671875,0.0,0,6063.71923828125,94508.1416015625,3236.6639914261323,0,0,0,0,0,0,1,0,0,0,0.0,,0.0,0.0,,0.0,0.0,0.0,0.0,0.0,0.0,,default,httpbin-755bfcfdf-s5d6k,,FORWARDED,,1,0,0
1770047065,0121eb33,10.103.149.109,10.0.0.254,80,51462,6,0,1,52,0.2,10.4,52.0,0,0.0,0.0,0,0.0,0,0.0,0,0,0.0,0,0,0,0.0,63.0,63.0,0.0,1.0,0.0,ESTABLISHED,5.0,0.0,0.0,0,1,0.0,0.0,0.0,0.0,0.0,0.0,0.0,63.0,63.0,0.0,0.0,0.0,0.0,5.3,python3(89.8%),0,0,0.0,0.0,17.8,51553.63671875,0.0,0,6063.71923828125,94508.1416015625,3236.6639914261323,0,0,0,0,0,0,0,0,0,0,0.0,,0.0,0.0,,0.0,0.0,0.0,0.0,0.0,0.0,,default,httpbin-755bfcfdf-s5d6k,,FORWARDED,,1,0,0
1770047065,84aebd16,10.103.149.109,10.0.0.254,80,51422,6,0,2,453,0.4,90.6,226.5,0,0.0,0.0,0,0.0,0,0.0,0,0,0.0,0,0,2,0.0,63.0,63.0,0.0,1.0,0.0,ESTABLISHED,5.0,0.0,0.0,0,1,0.012037984561175108,0.0,0.0,0.0,0.0,0.0,0.0,63.0,63.0,0.0,0.0,0.0,0.0,2.8,"kube-apiserver(87.6%),etcd(87.6%),python3(86.5%)",0,0,0.0,0.0,17.8,51553.63671875,0.0,0,6063.71923828125,94508.1416015625,3236.6639914261323,0,0,0,0,0,0,0,0,0,0,0.0,,0.0,0.0,,0.0,0.0,0.0,0.0,0.0,0.0,,default,httpbin-755bfcfdf-s5d6k,,FORWARDED,,1,0,0
1770047065,c1d4a618,10.0.0.89,10.0.0.185,43646,80,6,0,1,52,0.2,10.4,52.0,0,0.0,0.0,0,0.0,0,0.0,9,0,9.0,1,0,0,0.0,63.0,63.0,0.0,1.0,0.0,ESTABLISHED,5.0,0.0,0.0,0,0,0.0,0.0,0.0,0.0,0.0,0.0,0.0,67.0,67.0,0.0,1.8,0.2,0.0,5.4,python3(174.3%),0,0,0.0,0.0,17.8,51553.63671875,0.0,0,6063.71923828125,94508.1416015625,3236.6639914261323,0,0,0,0,0,0,0,0,0,0,0.0,,0.0,0.0,,0.0,0.0,0.0,0.0,0.0,0.0,,,,,FORWARDED,,1,0,0
1770047065,c59313bb,10.96.0.1,10.0.0.97,443,48090,6,2,1,158,0.2,31.6,158.0,0,0.0,0.0,0,0.0,0,0.0,0,0,0.0,0,0,1,0.0,63.0,63.0,0.0,1.0,0.0,ESTABLISHED,5.0,0.0,0.0,0,0,0.0,0.0,0.0,0.0,0.0,0.0,0.0,128.0,128.0,0.0,0.0,0.0,0.0,2.8,python3(89.2%),0,0,0.0,0.0,17.8,51553.63671875,0.0,0,6063.71923828125,94508.1416015625,3236.6639914261323,0,0,0,0,0,0,0,0,0,0,0.0,,0.0,0.0,,0.0,0.0,0.0,0.0,0.0,0.0,,,,,FORWARDED,,1,0,0
1770047065,2be22f3f,10.0.0.143,10.0.0.97,40392,53,17,0,2,164,0.4,32.8,82.0,0,0.0,0.0,0,0.0,0,0.0,0,0,0.0,0,0,0,0.0,63.0,63.0,0.0,0.5,2.0,ESTABLISHED,5.0,0.0,0.0,0,0,0.015402969438582659,0.0,0.0,0.0,0.0,0.0,0.0,,,,0.0,0.0,0.0,5.6,python3(87.9%),1,1,168.47,1.0,17.8,51553.63671875,0.0,0,6063.71923828125,94508.1416015625,3236.6639914261323,0,0,0,0,0,0,1,0,0,0,0.0,,0.0,0.0,,0.0,0.0,0.0,0.0,0.0,0.0,,cilium-test-1,client-bdf694b4-z9gvn,,FORWARDED,,1,0,0
1770047065,bfffa3a9,10.96.0.10,10.0.0.143,53,40392,17,0,2,309,0.4,61.8,154.5,0,0.0,0.0,0,0.0,0,0.0,0,0,0.0,0,0,0,0.0,63.0,63.0,0.0,1.0,0.0,ESTABLISHED,5.0,0.0,0.0,0,0,0.043836014810949564,0.0,0.0,0.0,0.0,0.0,0.0,,,,0.0,0.0,0.0,5.4,python3(85.5%),0,0,0.0,0.0,17.8,51553.63671875,0.0,0,6063.71923828125,94508.1416015625,3236.6639914261323,0,0,0,0,0,0,0,0,0,0,0.0,,0.0,0.0,,0.0,0.0,0.0,0.0,0.0,0.0,,kube-system,coredns-66bc5c9577-fxqd5,,FORWARDED,,1,0,0
1770047065,e24525ce,10.102.214.146,10.0.0.143,80,51716,6,0,4,1901,0.8,380.2,475.25,0,0.0,0.0,1,0.0,0,0.0,0,1,0.0,1,0,1,0.0,63.0,63.0,0.0,0.75,0.0,CLOSING,5.0,0.0,0.25,0,0,33.02656799011553,54.90268539724567,1.6623793732875123,2.612232987303287,96.40562598360702,96.40562598360702,36.90544696900503,64.0,16338.0,1.0,0.0,0.2,0.0,2.7,python3(85.8%),0,0,0.0,0.0,17.8,51553.63671875,0.0,0,6063.71923828125,94508.1416015625,3236.6639914261323,0,0,0,0,0,0,0,0,0,0,0.0,,0.0,0.0,,0.0,0.0,0.0,0.0,0.0,0.0,,cilium-test-1,echo-server-6f59665f5f-8fth2,,FORWARDED,,1,0,0
1770047065,430a49da,10.0.0.89,10.0.0.185,47616,80,6,0,4,426,0.8,85.2,106.5,0,0.0,0.0,0,0.0,0,0.0,9,0,9.0,0,0,1,0.0,63.0,63.0,0.0,0.75,0.0,ESTABLISHED,5.0,3.1336e-05,0.0,1,0,0.6277756571459273,1.0119693482583725,1.6119920177521934,0.05577900446951389,1.7962119891308248,1.7962119891308248,32.20229558081388,63.0,16108.25,1.0,1.8,0.0,0.0,5.4,python3(173.6%),0,0,0.0,0.0,17.8,51553.63671875,0.0,0,6063.71923828125,94508.1416015625,3236.6639914261323,0,0,0,0,0,0,0,0,0,0,0.0,,0.0,0.0,,0.0,0.0,0.0,0.0,0.0,0.0,,,,,FORWARDED,,1,0,0
1770047070,430a49da,10.0.0.89,10.0.0.185,47616,80,6,0,1,52,0.2,10.4,52.0,0,0.0,0.0,0,0.0,0,0.0,12,0,12.0,1,0,0,0.0,63.0,63.0,0.0,1.0,0.0,CLOSING,5.0,0.0,0.0,0,0,0.0,0.0,0.0,0.0,0.0,0.0,0.0,67.0,67.0,0.0,2.4,0.2,0.0,1.4,"dockerd(1.7%),kubelet(1.7%),kube-apiserver(1.7%)",97,97,27291.733,1.0,17.8,51577.0234375,0.0,0,6063.71923828125,94508.4970703125,3236.64493510123,0,0,0,0,0,0,1,0,0,0,0.0,,0.0,0.0,,0.0,0.0,0.0,0.0,0.0,0.0,,,,,FORWARDED,,1,0,0
1770047070,8b1b64e0,10.0.0.89,10.0.0.93,49922,4222,6,0,10,805,2.0,161.0,80.5,0,0.0,0.0,0,0.0,0,0.0,12,0,12.0,1,0,4,0.0,63.0,63.0,0.0,0.6,0.0,ESTABLISHED,5.0,2.3804e-05,0.0,1,0,0.04864222137257457,0.03598430259406688,0.7397750673935203,0.03962597111240029,0.12568396050482988,0.12568396050482988,3.171757233364034,63.0,6480.7,1.0,2.4,0.2,0.0,7.1,python3(82.6%),0,0,0.0,0.0,17.8,51577.0234375,0.0,0,6063.71923828125,94508.4970703125,3236.64493510123,0,0,0,0,0,0,0,0,0,0,0.0,,0.0,0.0,,0.0,0.0,0.0,0.0,0.0,0.0,,,,,FORWARDED,,1,0,0
1770047070,eeaeea8b,10.0.0.89,10.0.0.185,43662,80,6,0,1,52,0.2,10.4,52.0,0,0.0,0.0,0,0.0,0,0.0,12,0,12.0,1,0,0,0.0,63.0,63.0,0.0,1.0,0.0,ESTABLISHED,5.0,0.0,0.0,0,0,0.0,0.0,0.0,0.0,0.0,0.0,0.0,67.0,67.0,0.0,2.4,0.2,0.0,2.8,"sh(87.5%),python3(87.4%)",1,1,156.123,1.0,17.8,51577.0234375,0.0,0,6063.71923828125,94508.4970703125,3236.64493510123,0,0,0,0,0,0,1,0,0,0,0.0,,0.0,0.0,,0.0,0.0,0.0,0.0,0.0,0.0,,,,,FORWARDED,,1,0,0
1770047070,57f405fc,10.0.0.143,10.0.0.97,40322,53,17,0,2,164,0.4,32.8,82.0,0,0.0,0.0,0,0.0,0,0.0,0,0,0.0,0,0,0,0.0,63.0,63.0,0.0,0.5,2.0,ESTABLISHED,5.0,0.0,0.0,0,0,0.01580303069204092,0.0,0.0,0.0,0.0,0.0,0.0,,,,0.0,0.0,0.0,5.6,python3(88.2%),0,0,0.0,0.0,17.8,51577.0234375,0.0,0,6063.71923828125,94508.4970703125,3236.64493510123,0,0,0,0,0,0,0,0,0,0,0.0,,0.0,0.0,,0.0,0.0,0.0,0.0,0.0,0.0,,cilium-test-1,client-bdf694b4-z9gvn,,FORWARDED,,1,0,0
1770047070,a0fd69d1,10.96.0.10,10.0.0.143,53,40322,17,0,2,309,0.4,61.8,154.5,0,0.0,0.0,0,0.0,0,0.0,0,0,0.0,0,0,0,0.0,63.0,63.0,0.0,1.0,0.0,ESTABLISHED,5.0,0.0,0.0,0,0,0.048779998905956745,0.0,0.0,0.0,0.0,0.0,0.0,,,,0.0,0.0,0.0,2.8,python3(181.0%),0,0,0.0,0.0,17.8,51577.0234375,0.0,0,6063.71923828125,94508.4970703125,3236.64493510123,0,0,0,0,0,0,0,0,0,0,0.0,,0.0,0.0,,0.0,0.0,0.0,0.0,0.0,0.0,,kube-system,coredns-66bc5c9577-fxqd5,,FORWARDED,,1,0,0
1770047070,16f1f064,10.102.214.146,10.0.0.143,80,51732,6,0,4,1901,0.8,380.2,475.25,0,0.0,0.0,1,0.0,0,0.0,0,1,0.0,1,0,1,0.0,63.0,63.0,0.0,0.75,0.0,CLOSING,5.0,0.0,0.25,0,0,66.4411626639776,113.27945518273452,1.7049589537684482,2.0467810099944472,197.23986298777163,197.23986298777163,96.3658847842773,64.0,16338.0,1.0,0.0,0.2,0.0,8.3,idle,0,0,0.0,0.0,17.8,51577.0234375,0.0,0,6063.71923828125,94508.4970703125,3236.64493510123,0,0,0,0,0,0,0,0,0,0,0.0,,0.0,0.0,,0.0,0.0,0.0,0.0,0.0,0.0,,cilium-test-1,echo-server-6f59665f5f-8fth2,,FORWARDED,,1,0,0
1770047070,ff04a998,10.0.0.89,10.0.0.185,47620,80,6,0,4,426,0.8,85.2,106.5,0,0.0,0.0,0,0.0,0,0.0,12,0,12.0,0,0,1,0.0,63.0,63.0,0.0,0.75,0.0,ESTABLISHED,5.0,2.524e-05,0.0,1,0,0.5347066520092388,0.8716891032679268,1.6302192987359085,0.03765895962715149,1.5412209904752672,1.5412209904752672,40.925745313581956,63.0,16108.25,1.0,2.4,0.0,0.0,5.3,"python3(166.6%),sh(83.3%)",1,1,238.489,1.0,17.8,51577.0234375,0.0,0,6063.71923828125,94508.4970703125,3236.64493510123,0,0,0,0,0,0,1,0,0,0,0.0,,0.0,0.0,,0.0,0.0,0.0,0.0,0.0,0.0,,,,,FORWARDED,,1,0,0
1770047070,743243fc,10.0.0.89,10.0.0.93,49926,4222,6,0,11,857,2.2,171.4,77.9090909090909,0,0.0,0.0,0,0.0,0,0.0,12,0,12.0,1,0,5,0.0,63.0,63.0,0.0,0.6363636363636364,0.0,ESTABLISHED,5.0,3.799e-05,0.0,1,0,0.0829886004794389,0.08935571922063136,1.0767228113790155,0.06831996142864227,0.31239300733432174,0.31239300733432174,4.572499761443878,63.0,5897.272727272727,1.0,2.4,0.2,0.0,2.9,python3(90.9%),0,0,0.0,0.0,17.8,51577.0234375,0.0,0,6063.71923828125,94508.4970703125,3236.64493510123,0,0,0,0,0,0,0,0,0,0,0.0,,0.0,0.0,,0.0,0.0,0.0,0.0,0.0,0.0,,,,,FORWARDED,,1,0,0
1770047070,3f874787,10.0.0.89,10.0.0.97,56734,8181,6,0,5,374,1.0,74.8,74.8,0,0.0,0.0,0,0.0,0,0.0,12,0,12.0,1,0,1,0.0,63.0,63.0,0.0,0.6,0.0,CLOSING,5.0,3.9121e-05,0.0,1,0,0.11304226063657552,0.05568348773354363,0.492590005012045,0.1468550181016326,0.16383698675781488,0.16383698675781488,1.115637646405993,63.0,12898.4,1.0,2.4,0.2,0.0,2.9,python3(89.8%),0,0,0.0,0.0,17.8,51577.0234375,0.0,0,6063.71923828125,94508.4970703125,3236.64493510123,0,0,0,0,0,0,0,0,0,0,0.0,,0.0,0.0,,0.0,0.0,0.0,0.0,0.0,0.0,,,,,FORWARDED,,1,0,0
1770047070,9c93a1e3,10.0.0.89,10.0.0.247,42154,8081,6,0,7,474,1.4,94.8,67.71428571428571,0,0.0,0.0,0,0.0,0,0.0,12,0,12.0,1,0,1,0.0,63.0,63.0,0.0,0.42857142857142855,0.0,ESTABLISHED,5.0,3.2357e-05,0.0,1,0,0.059454498114064336,0.05459079625946662,0.9181945519871914,0.032356998417526484,0.15582703053951263,0.15582703053951263,4.815867916076771,63.0,9231.142857142857,1.0,2.4,0.2,0.0,2.9,python3(91.6%),0,0,0.0,0.0,17.8,51577.0234375,0.0,0,6063.71923828125,94508.4970703125,3236.64493510123,0,0,0,0,0,0,0,0,0,0,0.0,,0.0,0.0,,0.0,0.0,0.0,0.0,0.0,0.0,,,,,FORWARDED,,1,0,0
1770047070,9399efed,10.0.0.89,10.0.0.97,36738,8080,6,0,6,427,1.2,85.4,71.16666666666667,0,0.0,0.0,0,0.0,0,0.0,12,0,12.0,1,0,1,0.0,63.0,63.0,0.0,0.5,0.0,ESTABLISHED,5.0,3.9963e-05,0.0,1,0,0.056340196169912815,0.03893287823879299,0.6910319964342652,0.03996299346908927,0.1228660112246871,0.1228660112246871,3.0744946901868593,63.0,10759.166666666666,1.0,2.4,0.2,0.0,8.3,python3(92.5%),0,0,0.0,0.0,17.8,51577.0234375,0.0,0,6063.71923828125,94508.4970703125,3236.64493510123,0,0,0,0,0,0,0,0,0,0,0.0,,0.0,0.0,,0.0,0.0,0.0,0.0,0.0,0.0,,,,,FORWARDED,,1,0,0
1770047070,7b8d7be7,10.0.0.143,10.0.0.97,60539,53,17,0,2,164,0.4,32.8,82.0,0,0.0,0.0,0,0.0,0,0.0,0,0,0.0,0,0,0,0.0,63.0,63.0,0.0,0.5,2.0,ESTABLISHED,5.0,0.0,0.0,0,0,0.014197954442352057,0.0,0.0,0.0,0.0,0.0,0.0,,,,0.0,0.0,0.0,7.9,"etcd(83.9%),python3(82.3%)",1,1,155.982,1.0,17.8,51577.0234375,0.0,0,6063.71923828125,94508.4970703125,3236.64493510123,0,0,0,0,0,0,1,0,0,0,0.0,,0.0,0.0,,0.0,0.0,0.0,0.0,0.0,0.0,,cilium-test-1,client-bdf694b4-z9gvn,,FORWARDED,,1,0,0
1770047070,2d8db295,10.96.0.10,10.0.0.143,53,60539,17,0,2,309,0.4,61.8,154.5,0,0.0,0.0,0,0.0,0,0.0,0,0,0.0,0,0,0,0.0,63.0,63.0,0.0,1.0,0.0,ESTABLISHED,5.0,0.0,0.0,0,0,0.03693497274070978,0.0,0.0,0.0,0.0,0.0,0.0,,,,0.0,0.0,0.0,7.5,python3(79.1%),0,0,0.0,0.0,17.8,51577.0234375,0.0,0,6063.71923828125,94508.4970703125,3236.64493510123,0,0,0,0,0,0,0,0,0,0,0.0,,0.0,0.0,,0.0,0.0,0.0,0.0,0.0,0.0,,kube-system,coredns-66bc5c9577-fxqd5,,FORWARDED,,1,0,0
1770047070,29fd6ca4,10.102.214.146,10.0.0.143,80,51746,6,0,4,1901,0.8,380.2,475.25,0,0.0,0.0,1,0.0,0,0.0,0,1,0.0,1,0,1,0.0,63.0,63.0,0.0,0.75,0.0,CLOSING,5.0,0.0,0.25,0,0,0.8402163512073457,1.2809750573525887,1.5245776346912272,0.1371770049445331,2.3187670158222318,2.3187670158222318,16.90346728855769,64.0,16338.0,1.0,0.0,0.2,0.0,10.8,python3(89.2%),0,0,0.0,0.0,17.8,51576.77734375,0.0,0,6063.71923828125,94508.4970703125,3236.64493510123,0,0,0,0,0,0,0,0,0,0,0.0,,0.0,0.0,,0.0,0.0,0.0,0.0,0.0,0.0,,cilium-test-1,echo-server-6f59665f5f-8fth2,,FORWARDED,,1,0,0
1770047070,d79a6f9d,10.0.0.89,10.0.0.185,47630,80,6,0,4,426,0.8,85.2,106.5,0,0.0,0.0,0,0.0,0,0.0,12,0,12.0,0,0,1,0.0,63.0,63.0,0.0,0.75,0.0,ESTABLISHED,5.0,3.484e-05,0.0,1,0,0.6115830037742853,0.9786456131686229,1.6001844510541827,0.05836499622091651,1.7415439942851663,1.7415439942851663,29.8388436057337,63.0,16108.25,1.0,2.4,0.0,0.0,11.4,python3(180.1%),1,1,237.342,1.0,17.8,51576.77734375,0.0,0,6063.71923828125,94508.4970703125,3236.64493510123,0,0,0,0,0,0,1,0,0,0,0.0,,0.0,0.0,,0.0,0.0,0.0,0.0,0.0,0.0,,,,,FORWARDED,,1,0,0
1770047075,ff04a998,10.0.0.89,10.0.0.185,47620,80,6,0,1,52,0.2,10.4,52.0,0,0.0,0.0,0,0.0,0,0.0,18,0,18.0,1,0,0,0.0,63.0,63.0,0.0,1.0,0.0,CLOSING,5.0,0.0,0.0,0,0,0.0,0.0,0.0,0.0,0.0,0.0,0.0,67.0,67.0,0.0,3.6,0.2,0.0,2.3,"sh(1.7%),kube-apiserver(1.5%),sh(1.5%)",96,96,24830.099,1.0,17.9,51475.60546875,0.0,0,6063.71923828125,94528.5439453125,3236.7853982914808,0,0,0,0,0,0,1,0,0,0,0.0,,0.0,0.0,,0.0,0.0,0.0,0.0,0.0,0.0,,,,,FORWARDED,,1,0,0
1770047075,d79a6f9d,10.0.0.89,10.0.0.185,47630,80,6,0,1,52,0.2,10.4,52.0,0,0.0,0.0,0,0.0,0,0.0,18,0,18.0,1,0,0,0.0,63.0,63.0,0.0,1.0,0.0,CLOSING,5.0,0.0,0.0,0,0,0.0,0.0,0.0,0.0,0.0,0.0,0.0,67.0,67.0,0.0,3.6,0.2,0.0,7.0,python3(165.6%),0,0,0.0,0.0,17.9,51475.60546875,0.0,0,6063.71923828125,94528.5439453125,3236.7853982914808,0,0,0,0,0,0,0,0,0,0,0.0,,0.0,0.0,,0.0,0.0,0.0,0.0,0.0,0.0,,,,,FORWARDED,,1,0,0
1770047075,bc5d98cf,10.0.0.89,10.0.0.247,42160,8081,6,0,5,377,1.0,75.4,75.4,0,0.0,0.0,0,0.0,0,0.0,18,0,18.0,1,0,1,0.0,63.0,63.0,0.0,0.6,0.0,CLOSING,5.0,2.4643e-05,0.0,1,0,0.08480000542476773,0.056476345037504025,0.6659945922716751,0.11648598592728376,0.1466830144636333,0.1466830144636333,1.2592331454806933,63.0,12898.4,1.0,3.6,0.2,0.0,2.8,python3(88.4%),0,0,0.0,0.0,17.9,51475.60546875,0.0,0,6063.71923828125,94528.5439453125,3236.7853982914808,0,0,0,0,0,0,0,0,0,0,0.0,,0.0,0.0,,0.0,0.0,0.0,0.0,0.0,0.0,,,,,FORWARDED,,1,0,0
1770047075,c59313bb,10.96.0.1,10.0.0.97,443,48090,6,2,2,347,0.4,69.4,173.5,0,0.0,0.0,0,0.0,0,0.0,0,0,0.0,0,0,2,0.0,63.0,63.0,0.0,1.0,0.0,ESTABLISHED,5.0,0.0,0.0,0,0,1629.2806870187633,0.0,0.0,0.0,0.0,0.0,0.0,128.0,128.0,0.0,0.0,0.0,0.0,5.7,python3(89.2%),0,0,0.0,0.0,17.9,51477.0234375,0.0,0,6063.71923828125,94528.5439453125,3236.7853982914808,0,0,0,0,0,0,0,0,0,0,0.0,,0.0,0.0,,0.0,0.0,0.0,0.0,0.0,0.0,,,,,FORWARDED,,1,0,0
1770047075,746c8aef,10.0.0.143,10.0.0.97,48346,53,17,0,2,164,0.4,32.8,82.0,0,0.0,0.0,0,0.0,0,0.0,0,0,0.0,0,0,0,0.0,63.0,63.0,0.0,0.5,2.0,ESTABLISHED,5.0,0.0,0.0,0,0,0.019096012692898512,0.0,0.0,0.0,0.0,0.0,0.0,,,,0.0,0.0,0.0,5.6,"python3(91.7%),kubelet(89.7%)",0,0,0.0,0.0,17.8,51538.46875,0.0,0,6063.71923828125,94528.5439453125,3236.7853982914808,0,0,0,0,0,0,0,0,0,0,0.0,,0.0,0.0,,0.0,0.0,0.0,0.0,0.0,0.0,,cilium-test-1,client-bdf694b4-z9gvn,,FORWARDED,,1,0,0
1770047075,f66d90df,10.96.0.10,10.0.0.143,53,48346,17,0,2,309,0.4,61.8,154.5,0,0.0,0.0,0,0.0,0,0.0,0,0,0.0,0,0,0,0.0,63.0,63.0,0.0,1.0,0.0,ESTABLISHED,5.0,0.0,0.0,0,0,0.04602799890562892,0.0,0.0,0.0,0.0,0.0,0.0,,,,0.0,0.0,0.0,2.9,python3(88.7%),1,1,270.961,1.0,17.8,51538.46875,0.0,0,6063.71923828125,94528.5439453125,3236.7853982914808,0,0,0,0,0,0,1,0,0,0,0.0,,0.0,0.0,,0.0,0.0,0.0,0.0,0.0,0.0,,kube-system,coredns-66bc5c9577-fxqd5,,FORWARDED,,1,0,0
1770047075,dbd198bf,10.102.214.146,10.0.0.143,80,51748,6,0,4,1901,0.8,380.2,475.25,0,0.0,0.0,1,0.0,0,0.0,0,1,0.0,1,0,1,0.0,63.0,63.0,0.0,0.75,0.0,CLOSING,5.0,0.0,0.25,0,0,19.895726329802226,32.67076491646371,1.6420996336045035,1.9846989889629185,57.6049389783293,57.6049389783293,29.02452175300905,64.0,16338.0,1.0,0.0,0.2,0.0,5.4,python3(88.3%),0,0,0.0,0.0,17.8,51538.46875,0.0,0,6063.71923828125,94528.5439453125,3236.7853982914808,0,0,0,0,0,0,0,0,0,0,0.0,,0.0,0.0,,0.0,0.0,0.0,0.0,0.0,0.0,,cilium-test-1,echo-server-6f59665f5f-8fth2,,FORWARDED,,1,0,0
1770047075,c76fda1d,10.0.0.89,10.0.0.185,47632,80,6,0,4,426,0.8,85.2,106.5,0,0.0,0.0,0,0.0,0,0.0,18,0,18.0,0,0,1,0.0,63.0,63.0,0.0,0.75,0.0,ESTABLISHED,5.0,2.7758e-05,0.0,1,0,0.5399530055001378,0.8739353609843235,1.6185396730495658,0.0430530053563416,1.5490480000153184,1.5490480000153184,35.98002014479919,63.0,16108.25,1.0,3.6,0.0,0.0,5.7,python3(182.3%),0,0,0.0,0.0,17.8,51538.46875,0.0,0,6063.71923828125,94528.5439453125,3236.7853982914808,0,0,0,0,0,0,0,0,0,0,0.0,,0.0,0.0,,0.0,0.0,0.0,0.0,0.0,0.0,,,,,FORWARDED,,1,0,0
1770047075,42dbdca7,10.0.0.143,10.0.0.97,57649,53,17,0,2,164,0.4,32.8,82.0,0,0.0,0.0,0,0.0,0,0.0,0,0,0.0,0,0,0,0.0,63.0,63.0,0.0,0.5,2.0,ESTABLISHED,5.0,0.0,0.0,0,0,0.015463039744645357,0.0,0.0,0.0,0.0,0.0,0.0,,,,0.0,0.0,0.0,3.0,python3(92.2%),0,0,0.0,0.0,17.8,51538.46875,0.0,0,6063.71923828125,94528.5439453125,3236.7853982914808,0,0,0,0,0,0,0,0,0,0,0.0,,0.0,0.0,,0.0,0.0,0.0,0.0,0.0,0.0,,cilium-test-1,client-bdf694b4-z9gvn,,FORWARDED,,1,0,0
1770047075,8ee71f80,10.96.0.10,10.0.0.143,53,57649,17,0,2,309,0.4,61.8,154.5,0,0.0,0.0,0,0.0,0,0.0,0,0,0.0,0,0,0,0.0,63.0,63.0,0.0,1.0,0.0,ESTABLISHED,5.0,0.0,0.0,0,0,0.047806999646127224,0.0,0.0,0.0,0.0,0.0,0.0,,,,0.0,0.0,0.0,5.4,"sh(88.8%),cilium-envoy(88.5%)",1,1,282.336,1.0,17.8,51538.46875,0.0,0,6063.71923828125,94528.5439453125,3236.7853982914808,0,0,0,0,0,0,1,0,0,0,0.0,,0.0,0.0,,0.0,0.0,0.0,0.0,0.0,0.0,,kube-system,coredns-66bc5c9577-fxqd5,,FORWARDED,,1,0,0
1770047075,f5c5d4a7,10.102.214.146,10.0.0.143,80,47112,6,0,4,1901,0.8,380.2,475.25,0,0.0,0.0,1,0.0,0,0.0,0,1,0.0,1,0,1,0.0,63.0,63.0,0.0,0.75,0.0,CLOSING,5.0,0.0,0.25,0,0,19.21157034424444,31.174854859183217,1.6227124748562178,2.3906099959276617,55.184036027640104,55.184036027640104,23.08366321635256,64.0,16338.0,1.0,0.0,0.2,0.0,5.6,"python3(175.7%),kube-apiserver(88.2%),etcd(88.2%)",0,0,0.0,0.0,17.8,51538.46875,0.0,0,6063.71923828125,94528.5439453125,3236.7853982914808,0,0,0,0,0,0,0,0,0,0,0.0,,0.0,0.0,,0.0,0.0,0.0,0.0,0.0,0.0,,cilium-test-1,echo-server-6f59665f5f-8fth2,,FORWARDED,,1,0,0
1770047075,9e39b70a,10.0.0.89,10.0.0.185,51282,80,6,0,4,426,0.8,85.2,106.5,0,0.0,0.0,0,0.0,0,0.0,18,0,18.0,0,0,1,0.0,63.0,63.0,0.0,0.75,0.0,ESTABLISHED,5.0,3.2476e-05,0.0,1,0,0.6187716692996522,0.9954112009361366,1.6086890372062095,0.0557440216653049,1.768095011357218,1.768095011357218,31.718110006004125,63.0,16108.25,1.0,3.6,0.0,0.0,2.8,python3(88.0%),0,0,0.0,0.0,17.8,51538.46875,0.0,0,6063.71923828125,94528.5439453125,3236.7853982914808,0,0,0,0,0,0,0,0,0,0,0.0,,0.0,0.0,,0.0,0.0,0.0,0.0,0.0,0.0,,,,,FORWARDED,,1,0,0
1770047080,c76fda1d,10.0.0.89,10.0.0.185,47632,80,6,0,1,52,0.2,10.4,52.0,0,0.0,0.0,0,0.0,0,0.0,21,0,21.0,1,0,0,0.0,63.0,63.0,0.0,1.0,0.0,CLOSING,5.0,0.0,0.0,0,0,0.0,0.0,0.0,0.0,0.0,0.0,0.0,67.0,67.0,0.0,4.2,0.2,0.0,1.9,"dockerd(1.6%),kubelet(1.6%),cilium-agent(1.6%)",98,98,26239.952,1.0,17.8,51583.69921875,0.0,0,6063.71923828125,94528.9658203125,3236.768636010134,0,0,0,0,0,0,1,0,0,0,0.0,,0.0,0.0,,0.0,0.0,0.0,0.0,0.0,0.0,,,,,FORWARDED,,1,0,0
1770047080,9e39b70a,10.0.0.89,10.0.0.185,51282,80,6,0,1,52,0.2,10.4,52.0,0,0.0,0.0,0,0.0,0,0.0,21,0,21.0,1,0,0,0.0,63.0,63.0,0.0,1.0,0.0,CLOSING,5.0,0.0,0.0,0,0,0.0,0.0,0.0,0.0,0.0,0.0,0.0,67.0,67.0,0.0,4.2,0.2,0.0,5.3,python3(166.0%),1,1,172.522,1.0,17.8,51583.69921875,0.0,0,6063.71923828125,94528.9658203125,3236.768636010134,0,0,0,0,0,0,1,0,0,0,0.0,,0.0,0.0,,0.0,0.0,0.0,0.0,0.0,0.0,,,,,FORWARDED,,1,0,0
1770047080,74ed7c39,10.0.0.89,10.0.0.93,42516,4222,6,0,11,845,2.2,169.0,76.81818181818181,0,0.0,0.0,0,1.0,1,0.0,21,0,21.0,1,1,5,0.0,63.0,63.0,0.0,0.7272727272727273,0.0,CLOSING,5.0,3.8837e-05,0.09090909090909091,1,0,0.07006009691394866,0.209351183088251,2.988165764962996,0.028777983970940113,0.5063950084149837,0.5063950084149837,17.5966116641923,63.0,6480.7,2.0,4.2,0.4,0.5,5.3,idle,0,0,0.0,0.0,17.8,51583.69921875,0.0,0,6063.71923828125,94528.9658203125,3236.768636010134,0,0,0,0,0,0,0,0,0,0,0.0,,0.0,0.0,,0.0,0.0,0.0,0.0,0.0,0.0,,,,,FORWARDED,,1,0,0
1770047080,d8d31750,10.108.198.102,10.0.0.93,443,35332,6,2,1,52,0.2,10.4,52.0,0,0.0,0.0,0,0.0,0,0.0,0,0,0.0,0,0,0,0.0,63.0,63.0,0.0,1.0,0.0,ESTABLISHED,5.0,0.0,0.0,0,0,0.0,0.0,0.0,0.0,0.0,0.0,0.0,70.0,70.0,0.0,0.0,0.0,0.0,2.9,python3(93.0%),0,0,0.0,0.0,17.8,51583.69921875,0.0,0,6063.71923828125,94528.9658203125,3236.768636010134,0,0,0,0,0,0,0,0,0,0,0.0,,0.0,0.0,,0.0,0.0,0.0,0.0,0.0,0.0,,,,,FORWARDED,,1,0,0
1770047080,f044f3dd,10.0.0.89,10.0.0.93,42532,4222,6,0,11,857,2.2,171.4,77.9090909090909,0,0.0,0.0,0,0.0,0,0.0,21,0,21.0,1,0,5,0.0,63.0,63.0,0.0,0.5454545454545454,0.0,ESTABLISHED,5.0,2.9011e-05,0.0,1,0,0.05718760075978935,0.04918996166128717,0.8601508195439874,0.07096800254657865,0.14618999557569623,0.14618999557569623,2.0599423730398345,63.0,5897.272727272727,1.0,4.2,0.2,0.0,2.9,python3(184.8%),0,0,0.0,0.0,17.8,51583.69921875,0.0,0,6063.71923828125,94528.9658203125,3236.768636010134,0,0,0,0,0,0,0,0,0,0,0.0,,0.0,0.0,,0.0,0.0,0.0,0.0,0.0,0.0,,,,,FORWARDED,,1,0,0
1770047080,230ee27e,10.0.0.143,10.0.0.97,41012,53,17,0,2,164,0.4,32.8,82.0,0,0.0,0.0,0,0.0,0,0.0,0,0,0.0,0,0,0,0.0,63.0,63.0,0.0,0.5,2.0,ESTABLISHED,5.0,0.0,0.0,0,0,0.014065997675061226,0.0,0.0,0.0,0.0,0.0,0.0,,,,0.0,0.0,0.0,8.6,python3(92.9%),1,1,394.918,1.0,17.8,51583.69921875,0.0,0,6063.71923828125,94528.9658203125,3236.768636010134,0,0,0,0,0,0,1,0,0,0,0.0,,0.0,0.0,,0.0,0.0,0.0,0.0,0.0,0.0,,cilium-test-1,client-bdf694b4-z9gvn,,FORWARDED,,1,0,0
1770047080,743e2057,10.96.0.10,10.0.0.143,53,41012,17,0,2,309,0.4,61.8,154.5,0,0.0,0.0,0,0.0,0,0.0,0,0,0.0,0,0,0,0.0,63.0,63.0,0.0,1.0,0.0,ESTABLISHED,5.0,0.0,0.0,0,0,0.047550012823194265,0.0,0.0,0.0,0.0,0.0,0.0,,,,0.0,0.0,0.0,2.9,idle,0,0,0.0,0.0,17.8,51583.69921875,0.0,0,6063.71923828125,94528.9658203125,3236.768636010134,0,0,0,0,0,0,0,0,0,0,0.0,,0.0,0.0,,0.0,0.0,0.0,0.0,0.0,0.0,,kube-system,coredns-66bc5c9577-fxqd5,,FORWARDED,,1,0,0
1770047080,4c8de29b,10.102.214.146,10.0.0.143,80,47126,6,0,4,1901,0.8,380.2,475.25,0,0.0,0.0,1,0.0,0,0.0,0,1,0.0,1,0,1,0.0,63.0,63.0,0.0,0.75,0.0,CLOSING,5.0,0.0,0.25,0,0,1.0146363444315891,1.4506866375538026,1.4297601751753668,0.2183479955419898,2.6890780427493155,2.6890780427493155,12.315560928665304,64.0,16338.0,1.0,0.0,0.2,0.0,8.3,python3(182.1%),0,0,0.0,0.0,17.8,51583.69921875,0.0,0,6063.71923828125,94528.9658203125,3236.768636010134,0,0,0,0,0,0,0,0,0,0,0.0,,0.0,0.0,,0.0,0.0,0.0,0.0,0.0,0.0,,cilium-test-1,echo-server-6f59665f5f-8fth2,,FORWARDED,,1,0,0
1770047080,80b387ca,10.0.0.89,10.0.0.185,51286,80,6,0,4,426,0.8,85.2,106.5,0,0.0,0.0,0,0.0,0,0.0,21,0,21.0,0,0,1,0.0,63.0,63.0,0.0,0.75,0.0,ESTABLISHED,5.0,3.3248e-05,0.0,1,0,0.6342239988346895,1.0198164333601591,1.607975155834452,0.057702010963112116,1.8117219442501664,1.8117219442501664,31.397899553420565,63.0,16108.25,1.0,4.2,0.0,0.0,0.0,python3(88.9%),0,0,0.0,0.0,17.8,51583.69921875,0.0,0,6063.71923828125,94528.9658203125,3236.768636010134,0,0,0,0,0,0,0,0,0,0,0.0,,0.0,0.0,,0.0,0.0,0.0,0.0,0.0,0.0,,,,,FORWARDED,,1,0,0
1770047080,33ff0430,10.0.0.89,10.0.0.97,43770,8181,6,0,5,374,1.0,74.8,74.8,0,0.0,0.0,0,0.0,0,0.0,21,0,21.0,1,0,1,0.0,63.0,63.0,0.0,0.6,0.0,CLOSING,5.0,3.4353e-05,0.0,1,0,0.10442425264045596,0.05052207417805291,0.4838155208254724,0.14016905333846807,0.1425709924660623,0.1425709924660623,1.0171360159064087,63.0,12898.4,1.0,4.2,0.2,0.0,8.1,python3(182.4%),0,0,0.0,0.0,17.8,51583.69921875,0.0,0,6063.71923828125,94528.9658203125,3236.768636010134,0,0,0,0,0,0,0,0,0,0,0.0,,0.0,0.0,,0.0,0.0,0.0,0.0,0.0,0.0,,,,,FORWARDED,,1,0,0
1770047080,02498d03,10.0.0.89,10.0.0.247,52794,8081,6,0,6,422,1.2,84.4,70.33333333333333,0,0.0,0.0,0,0.0,0,0.0,21,0,21.0,1,0,1,0.0,63.0,63.0,0.0,0.5,0.0,CLOSING,5.0,2.5025e-05,0.0,1,0,0.07902119541540742,0.04916248446575259,0.6221430112175571,0.11123699368909001,0.11830701259896159,0.11830701259896159,1.0635581624008326,63.0,10759.166666666666,1.0,4.2,0.2,0.0,2.9,idle,0,0,0.0,0.0,17.8,51583.69921875,0.0,0,6063.71923828125,94528.9658203125,3236.768636010134,0,0,0,0,0,0,0,0,0,0,0.0,,0.0,0.0,,0.0,0.0,0.0,0.0,0.0,0.0,,,,,FORWARDED,,1,0,0
1770047080,31a26967,10.0.0.89,10.0.0.97,59696,8080,6,0,5,375,1.0,75.0,75.0,0,0.0,0.0,0,0.0,0,0.0,21,0,21.0,1,0,1,0.0,63.0,63.0,0.0,0.6,0.0,CLOSING,5.0,3.5133e-05,0.0,1,0,0.08401874219998717,0.04013944169044037,0.47774390141306466,0.08618197171017528,0.13333698734641075,0.13333698734641075,1.5471563796987022,63.0,12898.4,1.0,4.2,0.2,0.0,8.3,python3(87.1%),1,1,169.562,1.0,17.8,51583.69921875,0.0,0,6063.71923828125,94528.9658203125,3236.768636010134,0,0,0,0,0,0,1,0,0,0,0.0,,0.0,0.0,,0.0,0.0,0.0,0.0,0.0,0.0,,,,,FORWARDED,,1,0,0
1770047085,80b387ca,10.0.0.89,10.0.0.185,51286,80,6,0,1,52,0.2,10.4,52.0,0,0.0,0.0,0,0.0,0,0.0,28,0,28.0,1,0,0,0.0,63.0,63.0,0.0,1.0,0.0,CLOSING,5.0,0.0,0.0,0,0,0.0,0.0,0.0,0.0,0.0,0.0,0.0,67.0,67.0,0.0,5.6,0.2,0.0,1.7,"kubelet(1.7%),cilium-agent(1.7%),kube-apiserver(1.4%)",97,97,25952.693,1.0,17.7,51619.109375,0.0,0,6063.71923828125,94529.2392578125,3236.758161640083,0,0,0,0,0,0,1,0,0,0,0.0,,0.0,0.0,,0.0,0.0,0.0,0.0,0.0,0.0,,,,,FORWARDED,,1,0,0
1770047085,2bee2815,10.0.0.89,10.0.0.247,52800,8081,6,0,5,377,1.0,75.4,75.4,0,0.0,0.0,0,0.0,0,0.0,28,0,28.0,1,0,1,0.0,63.0,63.0,0.0,0.6,0.0,CLOSING,5.0,3.4969e-05,0.0,1,0,0.07020375051070005,0.03609642906576181,0.5141666763267898,0.09864498861134052,0.10389398084953427,0.10389398084953427,1.0532109366333315,63.0,12898.4,1.0,5.6,0.2,0.0,4.7,python3(161.5%),0,0,0.0,0.0,17.7,51618.86328125,0.0,0,6063.71923828125,94529.2392578125,3236.758161640083,0,0,0,0,0,0,0,0,0,0,0.0,,0.0,0.0,,0.0,0.0,0.0,0.0,0.0,0.0,,,,,FORWARDED,,1,0,0
1770047085,b26d66ee,10.0.0.143,10.0.0.97,51612,53,17,0,2,164,0.4,32.8,82.0,0,0.0,0.0,0,0.0,0,0.0,0,0,0.0,0,0,0,0.0,63.0,63.0,0.0,0.5,2.0,ESTABLISHED,5.0,0.0,0.0,0,0,0.01679902197793126,0.0,0.0,0.0,0.0,0.0,0.0,,,,0.0,0.0,0.0,2.7,python3(168.5%),0,0,0.0,0.0,17.7,51618.86328125,0.0,0,6063.71923828125,94529.2392578125,3236.758161640083,0,0,0,0,0,0,0,0,0,0,0.0,,0.0,0.0,,0.0,0.0,0.0,0.0,0.0,0.0,,cilium-test-1,client-bdf694b4-z9gvn,,FORWARDED,,1,0,0
1770047085,9b6f02f2,10.96.0.10,10.0.0.143,53,51612,17,0,2,309,0.4,61.8,154.5,0,0.0,0.0,0,0.0,0,0.0,0,0,0.0,0,0,0,0.0,63.0,63.0,0.0,1.0,0.0,ESTABLISHED,5.0,0.0,0.0,0,0,0.051198003347963095,0.0,0.0,0.0,0.0,0.0,0.0,,,,0.0,0.0,0.0,10.5,"cri-dockerd(83.2%),dockerd(83.1%)",0,0,0.0,0.0,17.7,51618.875,0.0,0,6063.71923828125,94529.2392578125,3236.758161640083,0,0,0,0,0,0,0,0,0,0,0.0,,0.0,0.0,,0.0,0.0,0.0,0.0,0.0,0.0,,kube-system,coredns-66bc5c9577-fxqd5,,FORWARDED,,1,0,0
1770047085,73cb9b36,10.102.214.146,10.0.0.143,80,47130,6,0,4,1901,0.8,380.2,475.25,0,0.0,0.0,1,0.0,0,0.0,0,1,0.0,1,0,1,0.0,63.0,63.0,0.0,0.75,0.0,CLOSING,5.0,0.0,0.25,0,0,1.0762506669076781,1.7025960689938495,1.5819698155317379,0.11206796625629067,3.0421200208365917,3.0421200208365917,27.145312995860934,64.0,16338.0,1.0,0.0,0.2,0.0,5.6,python3(177.7%),0,0,0.0,0.0,17.7,51618.875,0.0,0,6063.71923828125,94529.2392578125,3236.758161640083,0,0,0,0,0,0,0,0,0,0,0.0,,0.0,0.0,,0.0,0.0,0.0,0.0,0.0,0.0,,cilium-test-1,echo-server-6f59665f5f-8fth2,,FORWARDED,,1,0,0
1770047085,f79f25ad,10.0.0.89,10.0.0.185,51302,80,6,0,4,426,0.8,85.2,106.5,0,0.0,0.0,0,0.0,0,0.0,28,0,28.0,0,0,1,0.0,63.0,63.0,0.0,0.75,0.0,ESTABLISHED,5.0,3.3892e-05,0.0,1,0,0.7293769934525093,1.1627479327757089,1.5941659021514187,0.08253002306446433,2.071708964649588,2.071708964649588,25.102488618370707,63.0,16108.25,1.0,5.6,0.0,0.0,5.6,"sh(87.9%),python3(87.9%)",1,1,114.973,1.0,17.7,51618.875,0.0,0,6063.71923828125,94529.2392578125,3236.758161640083,0,0,0,0,0,0,1,0,0,0,0.0,,0.0,0.0,,0.0,0.0,0.0,0.0,0.0,0.0,,,,,FORWARDED,,1,0,0
1770047085,6ccc75f2,10.0.0.143,10.0.0.97,49245,53,17,0,2,164,0.4,32.8,82.0,0,0.0,0.0,0,0.0,0,0.0,0,0,0.0,0,0,0,0.0,63.0,63.0,0.0,0.5,2.0,ESTABLISHED,5.0,0.0,0.0,0,0,0.017066020518541336,0.0,0.0,0.0,0.0,0.0,0.0,,,,0.0,0.0,0.0,2.8,idle,0,0,0.0,0.0,17.7,51618.875,0.0,0,6063.71923828125,94529.2392578125,3236.758161640083,0,0,0,0,0,0,0,0,0,0,0.0,,0.0,0.0,,0.0,0.0,0.0,0.0,0.0,0.0,,cilium-test-1,client-bdf694b4-z9gvn,,FORWARDED,,1,0,0
1770047085,0ef4dea2,10.96.0.10,10.0.0.143,53,49245,17,0,2,309,0.4,61.8,154.5,0,0.0,0.0,0,0.0,0,0.0,0,0,0.0,0,0,0,0.0,63.0,63.0,0.0,1.0,0.0,ESTABLISHED,5.0,0.0,0.0,0,0,0.046020024456083775,0.0,0.0,0.0,0.0,0.0,0.0,,,,0.0,0.0,0.0,2.9,python3(183.3%),0,0,0.0,0.0,17.7,51618.875,0.0,0,6063.71923828125,94529.2392578125,3236.758161640083,0,0,0,0,0,0,0,0,0,0,0.0,,0.0,0.0,,0.0,0.0,0.0,0.0,0.0,0.0,,kube-system,coredns-66bc5c9577-fxqd5,,FORWARDED,,1,0,0
1770047085,21b8ccd2,10.102.214.146,10.0.0.143,80,60016,6,0,4,1901,0.8,380.2,475.25,0,0.0,0.0,1,0.0,0,0.0,0,1,0.0,1,0,1,0.0,63.0,63.0,0.0,0.75,0.0,CLOSING,5.0,0.0,0.25,0,0,0.6281139988762637,0.9311411945155686,1.4824398058018768,0.11650699889287353,1.7028910224325955,1.7028910224325955,14.616212232866618,64.0,16338.0,1.0,0.0,0.2,0.0,5.7,python3(92.1%),1,1,437.046,1.0,17.7,51618.875,0.0,0,6063.71923828125,94529.2392578125,3236.758161640083,0,0,0,0,0,0,1,0,0,0,0.0,,0.0,0.0,,0.0,0.0,0.0,0.0,0.0,0.0,,cilium-test-1,echo-server-6f59665f5f-8fth2,,FORWARDED,,1,0,0
1770047085,1df07c2b,10.0.0.89,10.0.0.185,44362,80,6,0,4,426,0.8,85.2,106.5,0,0.0,0.0,0,0.0,0,0.0,29,0,29.0,0,0,1,0.0,63.0,63.0,0.0,0.75,0.0,ESTABLISHED,5.0,3.2598e-05,0.0,1,0,0.2848699999352296,0.41664024480604006,1.4625627300199067,0.056240998674184084,0.7657710229977965,0.7657710229977965,13.615885938193752,63.0,16108.25,1.0,5.8,0.0,0.0,7.0,"sh(71.8%),python3(71.6%)",0,0,0.0,0.0,17.7,51618.875,0.0,0,6063.71923828125,94529.2392578125,3236.758161640083,0,0,0,0,0,0,0,0,0,0,0.0,,0.0,0.0,,0.0,0.0,0.0,0.0,0.0,0.0,,,,,FORWARDED,,1,0,0
1770047086,9a319ef7,10.103.149.109,0.0.0.0,0,0,6,0,500,30000,500.0,30000.0,60.0,0,0.0,0.0,0,0.0,0,0.0,500,0,9999.0,0,0,0,0.0,0.0,0.0,0.0,0.0,0.0,NEW,0.0,0.0,0.0,500,1,,,,,,,,,,,,,,1.9,"dockerd(2.3%),kube-apiserver(2.3%),cri-dockerd(1.7%)",34,34,8995.079,1.0,17.7,51620.2734375,0.0,0,6063.71923828125,94529.4072265625,3236.7444561631405,0,0,0,0,0,0,1,0,0,0,,,,,,,,,,,,,,,,,,2,3,1
1770047086,e5b0511d,10.0.0.254,0.0.0.0,0,0,6,0,500,30000,500.0,30000.0,60.0,0,0.0,0.0,0,0.0,0,0.0,500,0,9999.0,0,0,0,0.0,0.0,0.0,0.0,0.0,0.0,NEW,0.0,0.0,0.0,500,1,,,,,,,,,,,,,,1.9,"dockerd(2.3%),kube-apiserver(2.3%),cri-dockerd(1.7%)",34,34,8995.079,1.0,17.7,51620.2734375,0.0,0,6063.71923828125,94529.4072265625,3236.7444561631405,0,0,0,0,0,0,1,0,0,0,,,,,,,,,,,,,,,,,,2,3,1
1770047087,9a319ef7,10.103.149.109,0.0.0.0,0,0,6,0,500,30000,500.0,30000.0,60.0,0,0.0,0.0,0,0.0,0,0.0,500,0,9999.0,0,0,0,0.0,0.0,0.0,0.0,0.0,0.0,NEW,0.0,0.0,0.0,500,1,,,,,,,,,,,,,,1.9,"dockerd(2.3%),kube-apiserver(2.3%),cri-dockerd(1.7%)",34,34,8995.079,1.0,17.7,51620.2734375,0.0,0,6063.71923828125,94529.4072265625,3236.7444561631405,0,0,0,0,0,0,1,0,0,0,,,,,,,,,,,,,,,,,,2,3,1
1770047087,e5b0511d,10.0.0.254,0.0.0.0,0,0,6,0,500,30000,500.0,30000.0,60.0,0,0.0,0.0,0,0.0,0,0.0,500,0,9999.0,0,0,0,0.0,0.0,0.0,0.0,0.0,0.0,NEW,0.0,0.0,0.0,500,1,,,,,,,,,,,,,,1.9,"dockerd(2.3%),kube-apiserver(2.3%),cri-dockerd(1.7%)",34,34,8995.079,1.0,17.7,51620.2734375,0.0,0,6063.71923828125,94529.4072265625,3236.7444561631405,0,0,0,0,0,0,1,0,0,0,,,,,,,,,,,,,,,,,,2,3,1
1770047087,f79f25ad,10.0.0.89,10.0.0.185,51302,80,6,0,1,52,0.2,10.4,52.0,0,0.0,0.0,0,0.0,0,0.0,29,0,29.0,1,0,0,0.0,63.0,63.0,0.0,1.0,0.0,CLOSING,5.0,0.0,0.0,0,0,0.0,0.0,0.0,0.0,0.0,0.0,0.0,67.0,67.0,0.0,5.8,0.2,0.0,2.1,"cri-dockerd(4.4%),kubelet(4.4%),kube-scheduler(4.4%)",5,5,1117.866,1.0,17.7,51634.796875,0.0,0,6063.71923828125,94529.4072265625,3236.7444561631405,0,0,0,0,0,0,1,0,0,0,0.0,,0.0,0.0,,0.0,0.0,0.0,0.0,0.0,0.0,,,,,FORWARDED,,1,0,0
1770047087,1df07c2b,10.0.0.89,10.0.0.185,44362,80,6,0,1,52,0.2,10.4,52.0,0,0.0,0.0,0,0.0,0,0.0,29,0,29.0,1,0,0,0.0,63.0,63.0,0.0,1.0,0.0,CLOSING,5.0,0.0,0.0,0,0,0.0,0.0,0.0,0.0,0.0,0.0,0.0,67.0,67.0,0.0,5.8,0.2,0.0,2.1,"cri-dockerd(4.4%),kubelet(4.4%),kube-scheduler(4.4%)",5,5,1117.866,1.0,17.7,51634.796875,0.0,0,6063.71923828125,94529.4072265625,3236.7444561631405,0,0,0,0,0,0,1,0,0,0,0.0,,0.0,0.0,,0.0,0.0,0.0,0.0,0.0,0.0,,,,,FORWARDED,,1,0,0
1770047087,62920f71,10.0.0.89,10.0.0.93,39942,4222,6,0,12,909,2.4,181.8,75.75,0,0.0,0.0,0,0.0,0,0.0,29,0,29.0,1,0,6,0.0,63.0,63.0,0.0,0.6666666666666666,0.0,CLOSING,5.0,3.7278e-05,0.0,1,0,0.04712872693992474,0.20393199523865477,4.32712717868675,0.0900939921848476,0.3547589876689017,0.3547589876689017,3.9376542105164547,63.0,5411.083333333333,1.0,5.8,0.2,0.0,2.1,"cri-dockerd(4.4%),kubelet(4.4%),kube-scheduler(4.4%)",5,5,1117.866,1.0,17.7,51634.796875,0.0,0,6063.71923828125,94529.4072265625,3236.7444561631405,0,0,0,0,0,0,1,0,0,0,0.0,,0.0,0.0,,0.0,0.0,0.0,0.0,0.0,0.0,,,,,FORWARDED,,1,0,0
1770047087,3f233e89,10.0.0.143,10.0.0.97,46600,53,17,0,2,164,0.4,32.8,82.0,0,0.0,0.0,0,0.0,0,0.0,0,0,0.0,0,0,0,0.0,63.0,63.0,0.0,0.5,2.0,ESTABLISHED,5.0,0.0,0.0,0,0,0.013535027392208576,0.0,0.0,0.0,0.0,0.0,0.0,,,,0.0,0.0,0.0,2.1,"cri-dockerd(4.4%),kubelet(4.4%),kube-scheduler(4.4%)",5,5,1117.866,1.0,17.7,51634.796875,0.0,0,6063.71923828125,94529.4072265625,3236.7444561631405,0,0,0,0,0,0,1,0,0,0,0.0,,0.0,0.0,,0.0,0.0,0.0,0.0,0.0,0.0,,cilium-test-1,client-bdf694b4-z9gvn,,FORWARDED,,1,0,0
1770047087,b45b15c1,10.96.0.10,10.0.0.143,53,46600,17,0,2,309,0.4,61.8,154.5,0,0.0,0.0,0,0.0,0,0.0,0,0,0.0,0,0,0,0.0,63.0,63.0,0.0,1.0,0.0,ESTABLISHED,5.0,0.0,0.0,0,0,0.05005404818803072,0.0,0.0,0.0,0.0,0.0,0.0,,,,0.0,0.0,0.0,2.1,"cri-dockerd(4.4%),kubelet(4.4%),kube-scheduler(4.4%)",5,5,1117.866,1.0,17.7,51634.796875,0.0,0,6063.71923828125,94529.4072265625,3236.7444561631405,0,0,0,0,0,0,1,0,0,0,0.0,,0.0,0.0,,0.0,0.0,0.0,0.0,0.0,0.0,,kube-system,coredns-66bc5c9577-fxqd5,,FORWARDED,,1,0,0
1770047087,dfee7465,10.102.214.146,10.0.0.143,80,60032,6,0,4,1901,0.8,380.2,475.25,0,0.0,0.0,1,0.0,0,0.0,0,1,0.0,1,0,1,0.0,63.0,63.0,0.0,0.75,0.0,CLOSING,5.0,0.0,0.25,0,0,1.0467313307647903,1.6566803776862347,1.5827178656014695,0.11913996422663331,2.9594129882752895,2.9594129882752895,24.839800880297087,64.0,16338.0,1.0,0.0,0.2,0.0,2.1,"cri-dockerd(4.4%),kubelet(4.4%),kube-scheduler(4.4%)",5,5,1117.866,1.0,17.7,51634.796875,0.0,0,6063.71923828125,94529.4072265625,3236.7444561631405,0,0,0,0,0,0,1,0,0,0,200.0,GET,2.0,0.0,,0.0,0.0,0.0,0.0,0.0,0.0,http,cilium-test-1,echo-server-6f59665f5f-8fth2,,FORWARDED,,1,0,0
1770047087,932ecb34,10.0.0.89,10.0.0.185,44364,80,6,0,4,426,0.8,85.2,106.5,0,0.0,0.0,0,0.0,0,0.0,29,0,29.0,0,0,1,0.0,63.0,63.0,0.0,0.75,0.0,ESTABLISHED,5.0,3.0454e-05,0.0,1,0,0.6896256624410549,1.1198841307281355,1.6239014754237868,0.055748969316482544,1.9826740026474,1.9826740026474,35.5643167390578,63.0,16108.25,1.0,5.8,0.0,0.0,2.1,"cri-dockerd(4.4%),kubelet(4.4%),kube-scheduler(4.4%)",5,5,1117.866,1.0,17.7,51634.796875,0.0,0,6063.71923828125,94529.4072265625,3236.7444561631405,0,0,0,0,0,0,1,0,0,0,0.0,,0.0,0.0,,0.0,0.0,0.0,0.0,0.0,0.0,,,,,FORWARDED,,1,0,0
1770047087,932ecb34,10.0.0.89,10.0.0.185,44364,80,6,0,1,52,0.2,10.4,52.0,0,0.0,0.0,0,0.0,0,0.0,29,0,29.0,1,0,0,0.0,63.0,63.0,0.0,1.0,0.0,CLOSING,5.0,0.0,0.0,0,0,0.0,0.0,0.0,0.0,0.0,0.0,0.0,67.0,67.0,0.0,5.8,0.2,0.0,4.5,python3(77.1%),0,0,0.0,0.0,17.7,51634.31640625,0.0,0,6063.71923828125,94529.4072265625,3236.7444561631405,0,0,0,0,0,0,0,0,0,0,0.0,,0.0,0.0,,0.0,0.0,0.0,0.0,0.0,0.0,,,,,FORWARDED,,1,0,0
1770047087,a14593bd,10.0.0.89,10.0.0.93,39952,4222,6,0,11,833,2.2,166.6,75.72727272727273,0,0.0,0.0,0,2.0,2,0.0,29,0,29.0,1,2,4,0.0,63.0,63.0,0.0,0.6363636363636364,0.0,CLOSING,5.0,3.6807e-05,0.18181818181818182,1,0,0.04151859902776778,0.042029868299231755,1.012314222623987,0.03680697409436107,0.1294079702347517,0.1294079702347517,3.5158546286090213,63.0,7193.777777777777,2.0,5.8,0.6,0.6666666666666666,2.1,"cri-dockerd(4.4%),kubelet(4.4%),kube-scheduler(4.4%)",5,5,1117.866,1.0,17.7,51634.796875,0.0,0,6063.71923828125,94529.4072265625,3236.7444561631405,0,0,0,0,0,0,1,0,0,0,0.0,,0.0,0.0,,0.0,0.0,0.0,0.0,0.0,0.0,,,,,FORWARDED,,1,0,0
1770047087,fbc2ee3c,10.0.0.89,10.0.0.97,52288,8181,6,0,5,374,1.0,74.8,74.8,0,0.0,0.0,0,0.0,0,0.0,29,0,29.0,1,0,1,0.0,63.0,63.0,0.0,0.6,0.0,CLOSING,5.0,2.7452e-05,0.0,1,0,0.06141874473541975,0.047474589932315486,0.7729658125842033,0.06480904994532466,0.12734695337712765,0.12734695337712765,1.9649563368782956,63.0,12898.4,1.0,5.8,0.2,0.0,2.1,"cri-dockerd(4.4%),kubelet(4.4%),kube-scheduler(4.4%)",5,5,1117.866,1.0,17.7,51634.796875,0.0,0,6063.71923828125,94529.4072265625,3236.7444561631405,0,0,0,0,0,0,1,0,0,0,0.0,,0.0,0.0,,0.0,0.0,0.0,0.0,0.0,0.0,,,,,FORWARDED,,1,0,0
1770047087,7f990900,10.0.0.89,10.0.0.247,60114,8081,6,0,7,474,1.4,94.8,67.71428571428571,0,0.0,0.0,0,0.0,0,0.0,29,0,29.0,1,0,1,0.0,63.0,63.0,0.0,0.42857142857142855,0.0,ESTABLISHED,5.0,2.0083e-05,0.0,1,0,0.03304633234317104,0.02498250257859818,0.7559841231143694,0.023652042727917433,0.08297699969261885,0.08297699969261885,3.5082381952015433,63.0,9231.142857142857,1.0,5.8,0.2,0.0,2.1,"cri-dockerd(4.4%),kubelet(4.4%),kube-scheduler(4.4%)",5,5,1117.866,1.0,17.7,51634.796875,0.0,0,6063.71923828125,94529.4072265625,3236.7444561631405,0,0,0,0,0,0,1,0,0,0,0.0,,0.0,0.0,,0.0,0.0,0.0,0.0,0.0,0.0,,,,,FORWARDED,,1,0,0
1770047087,59cc07c9,10.0.0.143,10.0.0.97,44178,53,17,0,2,164,0.4,32.8,82.0,0,0.0,0.0,0,0.0,0,0.0,0,0,0.0,0,0,0,0.0,63.0,63.0,0.0,0.5,2.0,ESTABLISHED,5.0,0.0,0.0,0,0,0.012186006642878056,0.0,0.0,0.0,0.0,0.0,0.0,,,,0.0,0.0,0.0,2.1,"cri-dockerd(4.4%),kubelet(4.4%),kube-scheduler(4.4%)",5,5,1117.866,1.0,17.7,51634.796875,0.0,0,6063.71923828125,94529.4072265625,3236.7444561631405,0,0,0,0,0,0,1,0,0,0,0.0,,0.0,0.0,,0.0,0.0,0.0,0.0,0.0,0.0,,cilium-test-1,client-bdf694b4-z9gvn,,FORWARDED,,1,0,0
1770047087,27a896a9,10.96.0.10,10.0.0.143,53,44178,17,0,2,309,0.4,61.8,154.5,0,0.0,0.0,0,0.0,0,0.0,0,0,0.0,0,0,0,0.0,63.0,63.0,0.0,1.0,0.0,ESTABLISHED,5.0,0.0,0.0,0,0,0.04496501060202718,0.0,0.0,0.0,0.0,0.0,0.0,,,,0.0,0.0,0.0,2.1,"cri-dockerd(4.4%),kubelet(4.4%),kube-scheduler(4.4%)",5,5,1117.866,1.0,17.7,51634.796875,0.0,0,6063.71923828125,94529.4072265625,3236.7444561631405,0,0,0,0,0,0,1,0,0,0,0.0,,0.0,0.0,,0.0,0.0,0.0,0.0,0.0,0.0,,kube-system,coredns-66bc5c9577-fxqd5,,FORWARDED,,1,0,0
1770047087,33430070,10.102.214.146,10.0.0.143,80,60038,6,0,4,1901,0.8,380.2,475.25,0,0.0,0.0,1,0.0,0,0.0,0,1,0.0,1,0,1,0.0,63.0,63.0,0.0,0.75,0.0,CLOSING,5.0,0.0,0.25,0,0,0.9328376618213952,1.3344232321045661,1.4304988817658395,0.20682800095528364,2.4728589924052358,2.4728589924052358,11.956113200261843,64.0,16338.0,1.0,0.0,0.2,0.0,2.1,"cri-dockerd(4.4%),kubelet(4.4%),kube-scheduler(4.4%)",5,5,1117.866,1.0,17.7,51634.796875,0.0,0,6063.71923828125,94529.4072265625,3236.7444561631405,0,0,0,0,0,0,1,0,0,0,0.0,,0.0,0.0,,0.0,0.0,0.0,0.0,0.0,0.0,,cilium-test-1,echo-server-6f59665f5f-8fth2,,FORWARDED,,1,0,0
1770047087,ac499b4d,10.0.0.89,10.0.0.185,44374,80,6,0,4,426,0.8,85.2,106.5,0,0.0,0.0,0,0.0,0,0.0,29,0,29.0,0,0,1,0.0,63.0,63.0,0.0,0.75,0.0,ESTABLISHED,5.0,2.8883e-05,0.0,1,0,0.6494753179140389,1.0555906106022561,1.6252975001306647,0.05124497693032026,1.8682979862205684,1.8682979862205684,36.45816815882196,63.0,16108.25,1.0,5.8,0.0,0.0,2.1,"cri-dockerd(4.4%),kubelet(4.4%),kube-scheduler(4.4%)",5,5,1117.866,1.0,17.7,51634.796875,0.0,0,6063.71923828125,94529.4072265625,3236.7444561631405,0,0,0,0,0,0,1,0,0,0,0.0,,0.0,0.0,,0.0,0.0,0.0,0.0,0.0,0.0,,,,,FORWARDED,,1,0,0
1770047087,1ac87970,10.0.0.89,10.0.0.97,59574,8080,6,0,5,375,1.0,75.0,75.0,0,0.0,0.0,0,0.0,0,0.0,29,0,29.0,1,0,1,0.0,63.0,63.0,0.0,0.6,0.0,CLOSING,5.0,3.6276e-05,0.0,1,0,0.061615006416104734,0.036736071765508076,0.596219555953923,0.0566240050829947,0.11500099208205938,0.11500099208205938,2.030958281977769,63.0,12898.4,1.0,5.8,0.2,0.0,2.1,"cri-dockerd(4.4%),kubelet(4.4%),kube-scheduler(4.4%)",5,5,1117.866,1.0,17.7,51634.796875,0.0,0,6063.71923828125,94529.4072265625,3236.7444561631405,0,0,0,0,0,0,1,0,0,0,0.0,,0.0,0.0,,0.0,0.0,0.0,0.0,0.0,0.0,,,,,FORWARDED,,1,0,0
1770047087,cf5262fd,10.0.0.89,10.0.0.247,60126,8081,6,0,5,377,1.0,75.4,75.4,0,0.0,0.0,0,0.0,0,0.0,29,0,29.0,1,0,1,0.0,63.0,63.0,0.0,0.6,0.0,ESTABLISHED,5.0,3.6712e-05,0.0,1,0,0.05455450445879251,0.1258821455621103,2.307456493481575,0.07093499880284071,0.20850298460572958,0.20850298460572958,2.9393527613251997,63.0,12898.4,1.0,5.8,0.2,0.0,4.5,python3(77.1%),0,0,0.0,0.0,17.7,51634.31640625,0.0,0,6063.71923828125,94529.4072265625,3236.7444561631405,0,0,0,0,0,0,0,0,0,0,0.0,,0.0,0.0,,0.0,0.0,0.0,0.0,0.0,0.0,,,,,FORWARDED,,1,0,0
1770047087,b710c9ba,10.0.0.89,10.0.0.185,44376,80,6,0,4,426,0.8,85.2,106.5,0,0.0,0.0,0,0.0,0,0.0,29,0,29.0,0,0,1,0.0,63.0,63.0,0.0,0.75,0.0,ESTABLISHED,5.0,2.3034e-05,0.0,1,0,0.549468658088396,0.8968090413590449,1.632138663702945,0.04040601197630167,1.584965968504548,1.584965968504548,39.22599363268364,63.0,16108.25,1.0,5.8,0.0,0.0,4.5,python3(77.1%),0,0,0.0,0.0,17.7,51634.31640625,0.0,0,6063.71923828125,94529.4072265625,3236.7444561631405,0,0,0,0,0,0,0,0,0,0,0.0,,0.0,0.0,,0.0,0.0,0.0,0.0,0.0,0.0,,,,,FORWARDED,,1,0,0
1770047087,fe2c693e,10.102.214.146,10.0.0.143,80,60042,6,0,4,1901,0.8,380.2,475.25,0,0.0,0.0,1,0.0,0,0.0,0,1,0.0,1,0,1,0.0,63.0,63.0,0.0,0.75,0.0,ESTABLISHED,5.0,0.0,0.25,0,0,-0.6944633205421269,1.313613959173378,0.0,0.03954500425606966,0.08810003055259585,0.08810003055259585,2.2278422321594165,64.0,16338.0,1.0,0.0,0.2,0.0,4.5,python3(77.1%),0,0,0.0,0.0,17.7,51634.31640625,0.0,0,6063.71923828125,94529.4072265625,3236.7444561631405,0,0,0,0,0,0,0,0,0,0,200.0,GET,1.0,0.0,,0.0,0.0,0.0,0.0,0.0,0.0,http,cilium-test-1,echo-server-6f59665f5f-8fth2,,FORWARDED,,1,0,0
1770047087,5fe5e7d7,10.96.0.10,10.0.0.143,53,57735,17,0,2,309,0.4,61.8,154.5,0,0.0,0.0,0,0.0,0,0.0,0,0,0.0,0,0,0,0.0,63.0,63.0,0.0,1.0,0.0,ESTABLISHED,5.0,0.0,0.0,0,0,0.031284987926483154,0.0,0.0,0.0,0.0,0.0,0.0,,,,0.0,0.0,0.0,4.5,python3(77.1%),0,0,0.0,0.0,17.7,51634.31640625,0.0,0,6063.71923828125,94529.4072265625,3236.7444561631405,0,0,0,0,0,0,0,0,0,0,0.0,,0.0,0.0,,0.0,0.0,0.0,0.0,0.0,0.0,,kube-system,coredns-66bc5c9577-fxqd5,,FORWARDED,,1,0,0
1770047087,00b5d5de,10.0.0.143,10.0.0.97,57735,53,17,0,2,164,0.4,32.8,82.0,0,0.0,0.0,0,0.0,0,0.0,0,0,0.0,0,0,0,0.0,63.0,63.0,0.0,0.5,2.0,ESTABLISHED,5.0,0.0,0.0,0,0,0.015074037946760654,0.0,0.0,0.0,0.0,0.0,0.0,,,,0.0,0.0,0.0,4.5,python3(77.1%),0,0,0.0,0.0,17.7,51634.31640625,0.0,0,6063.71923828125,94529.4072265625,3236.7444561631405,0,0,0,0,0,0,0,0,0,0,0.0,,0.0,0.0,,0.0,0.0,0.0,0.0,0.0,0.0,,cilium-test-1,client-bdf694b4-z9gvn,,FORWARDED,,1,0,0
