timestamp,flow_id,src_ip,dst_ip,src_port,dst_port,protocol,l7_protocol,packet_count,byte_count,packets_per_second,bytes_per_second,avg_packet_size,retransmission_count,retransmission_rate,consecutive_retrans,out_of_order_count,tcp_resets,zero_window_count,zero_window_duration,syn_count,syn_ack_count,syn_to_synack_ratio,fin_count,rst_count,psh_count,duplicate_acks,ttl_min,ttl_avg,ttl_stddev,payload_entropy,dns_failures,connection_state,connection_duration,handshake_latency,error_rate,half_open_connections,is_blocked_flow,cpu_usage_percent,process_cpu_top3,memory_usage_percent,memory_available_mb,swap_usage_percent,oom_kill_count,disk_read_mb,disk_write_mb,disk_avg_latency_us,process_exits,high_io_latency,cpu_contention,memory_critical,swap_active,http_status_code,http_method,http_latency_ms,grpc_status_code,grpc_method,dns_response_code,dns_num_answers,kafka_api_key,kafka_error_code,l7_protocol_detected,namespace,pod_name,service_name,verdict,drop_reason,anomaly_label,anomaly_severity,remediation_action
1769612860,6e5109c2,10.0.0.11,10.0.0.181,54597,53,17,0,2,164,0.4,32.8,82.0,0,0.0,0,0,0.0,0,0.0,0,0,0.0,0,0,0,0.0,63,63.0,0.0,0.5,2,ESTABLISHED,5.0,0.0,0.0,0,0,2.5,idle,19.5,50473.109375,0.0,0,6707.87451171875,69961.2119140625,3185.776216300722,0,0,0,0,0,0,,0,0,,0,0,0,0,,cilium-test-1,client-5b9b5866cb-pvsm6,,FORWARDED,,0,0,0
1769612860,452fdc46,10.96.0.10,10.0.0.11,53,54597,17,0,2,309,0.4,61.8,154.5,0,0.0,0,0,0.0,0,0.0,0,0,0.0,0,0,0,0.0,63,63.0,0.0,1.0,0,ESTABLISHED,5.0,0.0,0.0,0,0,1.6,python3(128.3%),19.5,50473.109375,0.0,0,6707.87451171875,69961.2119140625,3185.776216300722,0,0,0,0,0,0,,0,0,,0,0,0,0,,kube-system,coredns-66bc5c9577-fxqd5,,FORWARDED,,0,0,0
1769612860,dd09174f,10.102.214.146,10.0.0.11,80,57574,6,0,4,1901,0.8,380.2,475.25,0,0.0,0,1,0.0,0,0.0,0,1,0.0,1,0,1,0.0,63,63.0,0.0,0.75,0,CLOSING,5.0,0.0,0.25,0,0,8.6,python3(115.6%),19.5,50473.109375,0.0,0,6707.87451171875,69961.2119140625,3185.776216300722,0,0,0,0,0,0,,0,0,,0,0,0,0,,cilium-test-1,echo-server-6f59665f5f-8fth2,,FORWARDED,,0,0,0
1769612860,43fd61fd,10.0.0.89,10.0.0.106,50552,80,6,0,4,426,0.8,85.2,106.5,0,0.0,0,0,0.0,0,0.0,8,0,8.0,0,0,1,0.0,63,63.0,0.0,0.75,0,ESTABLISHED,5.0,2.914e-05,0.0,1,0,0.0,"python3(120.7%),cilium-agent(120.2%)",19.5,50473.109375,0.0,0,6707.87451171875,69961.2119140625,3185.776216300722,0,0,0,0,0,0,,0,0,,0,0,0,0,,,,,FORWARDED,,0,0,0
1769612860,ab96ddfa,10.0.0.89,10.0.0.106,50534,80,6,0,1,52,0.2,10.4,52.0,0,0.0,0,0,0.0,0,0.0,8,0,8.0,1,0,0,0.0,63,63.0,0.0,1.0,0,ESTABLISHED,5.0,0.0,0.0,0,0,7.4,idle,19.5,50473.109375,0.0,0,6707.87451171875,69961.2119140625,3185.776216300722,0,0,0,0,0,0,,0,0,,0,0,0,0,,,,,FORWARDED,,0,0,0
1769612860,b10d6081,10.0.0.11,10.0.0.181,45691,53,17,0,2,180,0.4,36.0,90.0,0,0.0,0,0,0.0,0,0.0,0,0,0.0,0,0,0,0.0,63,63.0,0.0,0.5,2,ESTABLISHED,5.0,0.0,0.0,0,0,0.0,python3(242.6%),19.5,50473.109375,0.0,0,6707.87451171875,69961.2119140625,3185.776216300722,0,0,0,0,0,0,,0,0,,0,0,0,0,,cilium-test-1,client-5b9b5866cb-pvsm6,,FORWARDED,,0,0,0
1769612860,df88bf02,10.0.0.11,10.0.0.181,56439,53,17,0,3,270,0.6,54.0,90.0,0,0.0,0,0,0.0,0,0.0,0,0,0.0,0,0,0,0.0,63,63.0,0.0,0.3333333333333333,3,ESTABLISHED,5.0,0.0,0.0,0,0,7.4,"cilium-envoy(122.3%),python3(122.3%)",19.5,50472.734375,0.0,0,6707.87451171875,69961.2119140625,3185.776216300722,0,0,0,0,0,0,,0,0,,0,0,0,0,,cilium-test-1,client-5b9b5866cb-pvsm6,,FORWARDED,,0,0,0
1769612860,27177435,10.96.0.10,10.0.0.11,53,45691,17,0,2,333,0.4,66.6,166.5,0,0.0,0,0,0.0,0,0.0,0,0,0.0,0,0,0,0.0,63,63.0,0.0,1.0,0,ESTABLISHED,5.0,0.0,0.0,0,0,3.7,idle,19.5,50472.734375,0.0,0,6707.87451171875,69961.2119140625,3185.776216300722,0,0,0,0,0,0,,0,0,,0,0,0,0,,kube-system,coredns-66bc5c9577-fxqd5,,FORWARDED,,0,0,0
1769612860,a7e11de7,10.96.0.10,10.0.0.11,53,56439,17,0,3,483,0.6,96.6,161.0,0,0.0,0,0,0.0,0,0.0,0,0,0.0,0,0,0,0.0,63,63.0,0.0,0.6666666666666666,0,ESTABLISHED,5.0,0.0,0.0,0,0,6.9,"python3(121.7%),hubble-relay(112.9%)",19.5,50472.734375,0.0,0,6707.87451171875,69961.2119140625,3185.776216300722,0,0,0,0,0,0,,0,0,,0,0,0,0,,kube-system,coredns-66bc5c9577-fxqd5,,FORWARDED,,0,0,0
1769612860,b40fdbf8,10.0.0.11,10.0.0.181,56440,53,17,0,2,180,0.4,36.0,90.0,0,0.0,0,0,0.0,0,0.0,0,0,0.0,0,0,0,0.0,63,63.0,0.0,0.5,2,ESTABLISHED,5.0,0.0,0.0,0,0,3.8,python3(118.2%),19.5,50472.7421875,0.0,0,6707.87451171875,69961.2119140625,3185.776216300722,0,0,0,0,0,0,,0,0,,0,0,0,0,,cilium-test-1,client-5b9b5866cb-pvsm6,,FORWARDED,,0,0,0
1769612860,e62b99d3,10.0.0.11,10.0.0.181,49425,53,17,0,2,180,0.4,36.0,90.0,0,0.0,0,0,0.0,0,0.0,0,0,0.0,0,0,0,0.0,63,63.0,0.0,0.5,2,ESTABLISHED,5.0,0.0,0.0,0,0,3.8,idle,19.5,50472.7421875,0.0,0,6707.87451171875,69961.2119140625,3185.776216300722,0,0,0,0,0,0,,0,0,,0,0,0,0,,cilium-test-1,client-5b9b5866cb-pvsm6,,FORWARDED,,0,0,0
1769612860,ebebda59,10.96.0.10,10.0.0.11,53,49425,17,0,2,333,0.4,66.6,166.5,0,0.0,0,0,0.0,0,0.0,0,0,0.0,0,0,0,0.0,63,63.0,0.0,1.0,0,ESTABLISHED,5.0,0.0,0.0,0,0,0.0,python3(244.7%),19.5,50472.7421875,0.0,0,6707.87451171875,69961.2119140625,3185.776216300722,0,0,0,0,0,0,,0,0,,0,0,0,0,,kube-system,coredns-66bc5c9577-fxqd5,,FORWARDED,,0,0,0
1769612860,3362133f,10.96.0.10,10.0.0.11,53,56440,17,0,2,333,0.4,66.6,166.5,0,0.0,0,0,0.0,0,0.0,0,0,0.0,0,0,0,0.0,63,63.0,0.0,1.0,0,ESTABLISHED,5.0,0.0,0.0,0,0,7.4,idle,19.5,50472.7421875,0.0,0,6707.87451171875,69961.2119140625,3185.776216300722,0,0,0,0,0,0,,0,0,,0,0,0,0,,kube-system,coredns-66bc5c9577-fxqd5,,FORWARDED,,0,0,0
1769612860,ee51f5f0,10.0.0.11,10.0.0.181,60786,53,17,0,3,270,0.6,54.0,90.0,0,0.0,0,0,0.0,0,0.0,0,0,0.0,0,0,0,0.0,63,63.0,0.0,0.3333333333333333,3,ESTABLISHED,5.0,0.0,0.0,0,0,3.8,python3(122.6%),19.5,50472.7421875,0.0,0,6707.87451171875,69961.2119140625,3185.776216300722,0,0,0,0,0,0,,0,0,,0,0,0,0,,cilium-test-1,client-5b9b5866cb-pvsm6,,FORWARDED,,0,0,0
1769612861,e0c01003,10.96.0.10,10.0.0.11,53,60786,17,0,3,483,0.6,96.6,161.0,0,0.0,0,0,0.0,0,0.0,0,0,0.0,0,0,0,0.0,63,63.0,0.0,0.6666666666666666,0,ESTABLISHED,5.0,0.0,0.0,0,0,0.0,"kube-apiserver(122.5%),python3(120.3%)",19.5,50472.7421875,0.0,0,6707.87451171875,69961.2119140625,3185.776216300722,0,0,0,0,0,0,,0,0,,0,0,0,0,,kube-system,coredns-66bc5c9577-fxqd5,,FORWARDED,,0,0,0
1769612861,431cc385,10.0.0.11,10.0.0.177,42566,80,6,0,70,4153,14.0,830.6,59.32857142857143,0,0.0,0,0,0.0,0,0.0,6,0,6.0,0,0,1,0.0,63,63.0,0.0,0.05714285714285714,0,ESTABLISHED,5.0,0.02003576,0.0,1,0,10.3,"python3(117.4%),kube-controller-manager(116.5%)",19.5,50472.7421875,0.0,0,6707.87451171875,69961.2119140625,3185.776216300722,0,0,0,0,0,0,,0,0,,0,0,0,0,,cilium-test-1,client-5b9b5866cb-pvsm6,,FORWARDED,,0,0,0
1769612861,f35a38c1,10.105.76.177,10.0.0.11,80,42566,6,0,98,166134,19.6,33226.8,1695.2448979591836,14,0.14285714285714285,14,31,0.0,0,0.0,0,1,0.0,0,0,22,0.0,63,63.0,0.0,0.05102040816326531,0,ESTABLISHED,5.0,0.0,0.45918367346938777,0,0,0.0,python3(119.5%),19.5,50472.7421875,0.0,0,6707.87451171875,69961.2119140625,3185.776216300722,0,0,0,0,0,0,,0,0,,0,0,0,0,,cilium-test-1,nginx-server,,FORWARDED,,0,0,0
1769612861,5bb22351,10.0.0.11,10.0.0.177,42568,80,6,0,98,5797,19.6,1159.4,59.1530612244898,0,0.0,0,0,0.0,0,0.0,6,0,6.0,0,0,1,0.0,63,63.0,0.0,0.04081632653061224,0,ESTABLISHED,5.0,0.020024715,0.0,1,0,3.7,python3(118.9%),19.5,50472.7421875,0.0,0,6707.87451171875,69961.2119140625,3185.776216300722,0,0,0,0,0,0,,0,0,,0,0,0,0,,cilium-test-1,client-5b9b5866cb-pvsm6,,FORWARDED,,0,0,0
1769612861,c28ec50e,10.105.76.177,10.0.0.11,80,42568,6,0,145,253856,29.0,50771.2,1750.7310344827586,22,0.15172413793103448,22,48,0.0,0,0.0,0,1,0.0,0,0,36,0.0,63,63.0,0.0,0.034482758620689655,0,ESTABLISHED,5.0,0.0,0.4827586206896552,0,0,3.7,idle,19.5,50472.7421875,0.0,0,6707.87451171875,69961.2119140625,3185.776216300722,0,0,0,0,0,0,,0,0,,0,0,0,0,,cilium-test-1,nginx-server,,FORWARDED,,0,0,0
1769612861,5f39581b,10.0.0.11,10.0.0.177,42578,80,6,0,105,6249,21.0,1249.8,59.51428571428571,0,0.0,0,0,0.0,0,0.0,6,0,6.0,0,0,1,0.0,63,63.0,0.0,0.047619047619047616,0,ESTABLISHED,5.0,0.020020014,0.0,1,0,3.8,python3(118.4%),19.5,50472.7421875,0.0,0,6707.87451171875,69961.2119140625,3185.776216300722,0,0,0,0,0,0,,0,0,,0,0,0,0,,cilium-test-1,client-5b9b5866cb-pvsm6,,FORWARDED,,0,0,0
1769612861,fdc0e7cc,10.105.76.177,10.0.0.11,80,42578,6,0,160,292382,32.0,58476.4,1827.3875,19,0.11875,19,58,0.0,0,0.0,0,1,0.0,0,0,50,0.0,63,63.0,0.0,0.03125,0,ESTABLISHED,5.0,0.0,0.48125,0,0,0.0,python3(116.9%),19.5,50472.7421875,0.0,0,6707.87451171875,69961.2119140625,3185.776216300722,0,0,0,0,0,0,,0,0,,0,0,0,0,,cilium-test-1,nginx-server,,FORWARDED,,0,0,0
1769612861,48add4c6,10.0.0.89,10.0.0.181,49864,8080,6,0,5,376,1.0,75.2,75.2,0,0.0,0,0,0.0,0,0.0,9,0,9.0,1,0,1,0.0,63,63.0,0.0,0.6,0,CLOSING,5.0,3.7443e-05,0.0,1,0,7.1,python3(119.7%),19.5,50472.7421875,0.0,0,6707.87451171875,69961.2119140625,3185.776216300722,0,0,0,0,0,0,,0,0,,0,0,0,0,,,,,FORWARDED,,0,0,0
1769612861,72b9671b,10.0.0.11,10.0.0.181,37102,53,17,0,2,164,0.4,32.8,82.0,0,0.0,0,0,0.0,0,0.0,0,0,0.0,0,0,0,0.0,63,63.0,0.0,0.5,2,ESTABLISHED,5.0,0.0,0.0,0,0,3.8,idle,19.5,50472.7421875,0.0,0,6707.87451171875,69961.2119140625,3185.776216300722,0,0,0,0,0,0,,0,0,,0,0,0,0,,cilium-test-1,client-5b9b5866cb-pvsm6,,FORWARDED,,0,0,0
1769612861,6e10a8d2,10.96.0.10,10.0.0.11,53,37102,17,0,2,309,0.4,61.8,154.5,0,0.0,0,0,0.0,0,0.0,0,0,0.0,0,0,0,0.0,63,63.0,0.0,1.0,0,ESTABLISHED,5.0,0.0,0.0,0,0,0.0,python3(241.7%),19.5,50472.7421875,0.0,0,6707.87451171875,69961.2119140625,3185.776216300722,0,0,0,0,0,0,,0,0,,0,0,0,0,,kube-system,coredns-66bc5c9577-fxqd5,,FORWARDED,,0,0,0
1769612861,05c50769,10.102.214.146,10.0.0.11,80,58658,6,0,8,5479,1.6,1095.8,684.875,1,0.125,1,0,0.0,0,0.0,0,1,0.0,1,0,3,0.0,63,63.0,0.0,0.625,0,CLOSING,5.0,0.0,0.125,0,0,7.4,idle,19.5,50472.7421875,0.0,0,6707.87451171875,69961.2119140625,3185.776216300722,0,0,0,0,0,0,,0,0,,0,0,0,0,,cilium-test-1,echo-server-6f59665f5f-8fth2,,FORWARDED,,0,0,0
1769612861,e1289606,10.0.0.89,10.0.0.106,49032,80,6,0,4,426,0.8,85.2,106.5,0,0.0,0,0,0.0,0,0.0,9,0,9.0,0,0,1,0.0,63,63.0,0.0,0.75,0,ESTABLISHED,5.0,3.0178e-05,0.0,1,0,3.7,python3(120.3%),19.5,50472.7421875,0.0,0,6707.87451171875,69961.2119140625,3185.776216300722,0,0,0,0,0,0,,0,0,,0,0,0,0,,,,,FORWARDED,,0,0,0
1769612861,0d6231cd,10.108.198.102,10.0.0.163,443,46970,6,2,1,52,0.2,10.4,52.0,0,0.0,0,0,0.0,0,0.0,0,0,0.0,0,0,0,0.0,63,63.0,0.0,1.0,0,ESTABLISHED,5.0,0.0,0.0,0,0,3.8,python3(120.2%),19.5,50472.7421875,0.0,0,6707.87451171875,69961.2119140625,3185.776216300722,0,0,0,0,0,0,,0,0,,0,0,0,0,,,,,FORWARDED,,0,0,0
1769612861,b2dacd06,10.0.0.89,10.0.0.163,51252,4222,6,0,12,910,2.4,182.0,75.83333333333333,0,0.0,0,0,0.0,0,0.0,9,0,9.0,1,0,6,0.0,63,63.0,0.0,0.6666666666666666,0,ESTABLISHED,5.0,2.583e-05,0.0,1,0,0.0,python3(117.4%),19.5,50472.7421875,0.0,0,6707.87451171875,69961.2119140625,3185.776216300722,0,0,0,0,0,0,,0,0,,0,0,0,0,,,,,FORWARDED,,0,0,0
1769612861,59cb1815,10.0.0.89,10.0.0.106,50546,80,6,0,1,52,0.2,10.4,52.0,0,0.0,0,0,0.0,0,0.0,9,0,9.0,1,0,0,0.0,63,63.0,0.0,1.0,0,ESTABLISHED,5.0,0.0,0.0,0,0,3.7,idle,19.5,50472.7421875,0.0,0,6707.87451171875,69961.2119140625,3185.776216300722,0,0,0,0,0,0,,0,0,,0,0,0,0,,,,,FORWARDED,,0,0,0
1769612861,526087b5,10.0.0.89,10.0.0.181,46076,8181,6,0,5,375,1.0,75.0,75.0,0,0.0,0,0,0.0,0,0.0,9,0,9.0,1,0,1,0.0,63,63.0,0.0,0.6,0,CLOSING,5.0,2.3296e-05,0.0,1,0,7.1,python3(117.7%),19.5,50472.7421875,0.0,0,6707.87451171875,69961.2119140625,3185.776216300722,0,0,0,0,0,0,,0,0,,0,0,0,0,,,,,FORWARDED,,0,0,0
1769612861,fe15cd6e,10.0.0.11,10.0.0.177,50062,80,6,0,30,1909,6.0,381.8,63.63333333333333,0,0.0,0,0,0.0,0,0.0,6,0,6.0,0,0,1,0.0,63,63.0,0.0,0.16666666666666666,0,ESTABLISHED,5.0,0.020064174,0.0,1,0,0.0,python3(231.6%),19.5,50472.7421875,0.0,0,6707.87451171875,69961.2119140625,3185.776216300722,0,0,0,0,0,0,,0,0,,0,0,0,0,,cilium-test-1,client-5b9b5866cb-pvsm6,,FORWARDED,,0,0,0
1769612861,a962fb4e,10.105.76.177,10.0.0.11,80,50062,6,0,47,92184,9.4,18436.8,1961.3617021276596,6,0.1276595744680851,6,24,0.0,0,0.0,0,1,0.0,0,0,21,0.0,63,63.0,0.0,0.10638297872340426,0,ESTABLISHED,5.0,0.0,0.6382978723404256,0,0,3.6,idle,19.5,50472.7421875,0.0,0,6707.87451171875,69961.2119140625,3185.776216300722,0,0,0,0,0,0,,0,0,,0,0,0,0,,cilium-test-1,nginx-server,,FORWARDED,,0,0,0
1769612861,c739da96,10.0.0.11,10.0.0.177,50078,80,6,0,1,60,0.2,12.0,60.0,0,0.0,0,0,0.0,0,0.0,6,0,6.0,0,0,0,0.0,63,63.0,0.0,1.0,0,NEW,5.0,0.0,0.0,1,0,3.7,python3(120.4%),19.5,50472.7421875,0.0,0,6707.87451171875,69961.2119140625,3185.776216300722,0,0,0,0,0,0,,0,0,,0,0,0,0,,cilium-test-1,client-5b9b5866cb-pvsm6,,FORWARDED,,0,0,0
1769612861,61de0124,10.105.76.177,10.0.0.11,80,50078,6,0,1,60,0.2,12.0,60.0,0,0.0,0,0,0.0,0,0.0,0,1,0.0,0,0,0,0.0,63,63.0,0.0,1.0,0,NEW,5.0,0.0,0.0,0,0,0.0,python3(118.6%),19.5,50472.7421875,0.0,0,6707.87451171875,69961.2119140625,3185.776216300722,0,0,0,0,0,0,,0,0,,0,0,0,0,,cilium-test-1,nginx-server,,FORWARDED,,0,0,0
1769612865,43fd61fd,10.0.0.89,10.0.0.106,50552,80,6,0,1,52,0.2,10.4,52.0,0,0.0,0,0,0.0,0,0.0,12,0,12.0,1,0,0,0.0,63,63.0,0.0,1.0,0,CLOSING,5.0,0.0,0.0,0,0,0.8,"kubelet(1.3%),dockerd(1.3%),kube-apiserver(1.3%)",19.5,50497.03125,0.0,0,6707.87451171875,69961.5673828125,3185.752282404439,0,0,0,0,0,0,,0,0,,0,0,0,0,,,,,FORWARDED,,0,0,0
1769612865,431cc385,10.0.0.11,10.0.0.177,42566,80,6,0,171,9768,34.2,1953.6,57.12280701754386,0,0.0,0,0,0.0,0,0.0,11,0,11.0,0,0,0,0.0,63,63.0,0.0,0.011695906432748537,0,ESTABLISHED,5.0,5.467e-06,0.0,0,0,0.0,python3(112.9%),19.5,50497.03125,0.0,0,6707.87451171875,69961.5673828125,3185.752282404439,0,0,0,0,0,0,,0,0,,0,0,0,0,,cilium-test-1,client-5b9b5866cb-pvsm6,,FORWARDED,,0,0,0
1769612865,f35a38c1,10.105.76.177,10.0.0.11,80,42566,6,0,265,426190,53.0,85238.0,1608.2641509433963,39,0.1471698113207547,39,60,0.0,0,0.0,0,0,0.0,0,0,31,0.0,63,63.0,0.0,0.007547169811320755,0,ESTABLISHED,5.0,0.0,0.37358490566037733,0,0,3.6,"python3(118.0%),kube-apiserver(117.5%)",19.5,50497.03125,0.0,0,6707.87451171875,69961.5673828125,3185.752282404439,0,0,0,0,0,0,,0,0,,0,0,0,0,,cilium-test-1,nginx-server,,FORWARDED,,0,0,0
1769612865,5bb22351,10.0.0.11,10.0.0.177,42568,80,6,0,106,5988,21.2,1197.6,56.490566037735846,0,0.0,0,0,0.0,0,0.0,11,0,11.0,0,0,0,0.0,63,63.0,0.0,0.02830188679245283,0,ESTABLISHED,5.0,0.020033413,0.0,0,0,3.8,python3(118.9%),19.5,50497.03125,0.0,0,6707.87451171875,69961.5673828125,3185.752282404439,0,0,0,0,0,0,,0,0,,0,0,0,0,,cilium-test-1,client-5b9b5866cb-pvsm6,,FORWARDED,,0,0,0
1769612865,c28ec50e,10.105.76.177,10.0.0.11,80,42568,6,0,156,245772,31.2,49154.4,1575.4615384615386,22,0.14102564102564102,19,34,0.0,0,0.0,0,0,0.0,0,0,17,0.0,63,63.0,0.0,0.01282051282051282,0,ESTABLISHED,5.0,0.0,0.358974358974359,0,0,6.9,idle,19.5,50497.03125,0.0,0,6707.87451171875,69961.5673828125,3185.752282404439,0,0,0,0,0,0,,0,0,,0,0,0,0,,cilium-test-1,nginx-server,,FORWARDED,,0,0,0
1769612865,5f39581b,10.0.0.11,10.0.0.177,42578,80,6,0,151,8620,30.2,1724.0,57.086092715231786,0,0.0,0,0,0.0,0,0.0,11,0,11.0,0,0,0,0.0,63,63.0,0.0,0.013245033112582781,0,ESTABLISHED,5.0,0.027958377,0.0,0,0,3.7,python3(236.0%),19.5,50497.03125,0.0,0,6707.87451171875,69961.5673828125,3185.752282404439,0,0,0,0,0,0,,0,0,,0,0,0,0,,cilium-test-1,client-5b9b5866cb-pvsm6,,FORWARDED,,0,0,0
1769612865,fdc0e7cc,10.105.76.177,10.0.0.11,80,42578,6,0,224,337382,44.8,67476.4,1506.169642857143,41,0.18303571428571427,41,46,0.0,0,0.0,0,0,0.0,0,0,15,0.0,63,63.0,0.0,0.008928571428571428,0,ESTABLISHED,5.0,0.0,0.38839285714285715,0,0,10.7,cilium-agent(118.0%),19.5,50497.03125,0.0,0,6707.87451171875,69961.5673828125,3185.752282404439,0,0,0,0,0,0,,0,0,,0,0,0,0,,cilium-test-1,nginx-server,,FORWARDED,,0,0,0
1769612865,e1289606,10.0.0.89,10.0.0.106,49032,80,6,0,1,52,0.2,10.4,52.0,0,0.0,0,0,0.0,0,0.0,12,0,12.0,1,0,0,0.0,63,63.0,0.0,1.0,0,CLOSING,5.0,0.0,0.0,0,0,0.0,python3(114.5%),19.5,50491.83203125,0.0,0,6707.87451171875,69961.5673828125,3185.752282404439,0,0,0,0,0,0,,0,0,,0,0,0,0,,,,,FORWARDED,,0,0,0
1769612865,fe15cd6e,10.0.0.11,10.0.0.177,50062,80,6,0,131,7432,26.2,1486.4,56.732824427480914,0,0.0,0,0,0.0,0,0.0,11,0,11.0,0,0,0,0.0,63,63.0,0.0,0.022900763358778626,0,ESTABLISHED,5.0,0.012276823,0.0,0,0,7.1,python3(116.4%),19.5,50480.48828125,0.0,0,6707.87451171875,69961.5673828125,3185.752282404439,0,0,0,0,0,0,,0,0,,0,0,0,0,,cilium-test-1,client-5b9b5866cb-pvsm6,,FORWARDED,,0,0,0
1769612865,a962fb4e,10.105.76.177,10.0.0.11,80,50062,6,0,216,373314,43.2,74662.8,1728.3055555555557,28,0.12962962962962962,28,59,0.0,0,0.0,0,0,0.0,0,0,44,0.0,63,63.0,0.0,0.009259259259259259,0,ESTABLISHED,5.0,0.0,0.4027777777777778,0,0,3.7,python3(115.7%),19.5,50461.109375,0.0,0,6707.87451171875,69961.5673828125,3185.752282404439,0,0,0,0,0,0,,0,0,,0,0,0,0,,cilium-test-1,nginx-server,,FORWARDED,,0,0,0
1769612865,c739da96,10.0.0.11,10.0.0.177,50078,80,6,0,73,4221,14.6,844.2,57.821917808219176,0,0.0,0,0,0.0,0,0.0,11,0,11.0,0,0,1,0.0,63,63.0,0.0,0.0547945205479452,0,ESTABLISHED,5.0,0.020009363,0.0,1,0,7.4,idle,19.6,50453.546875,0.0,0,6707.87451171875,69961.5673828125,3185.752282404439,0,0,0,0,0,0,,0,0,,0,0,0,0,,cilium-test-1,client-5b9b5866cb-pvsm6,,FORWARDED,,0,0,0
1769612865,61de0124,10.105.76.177,10.0.0.11,80,50078,6,0,122,197268,24.4,39453.6,1616.950819672131,18,0.14754098360655737,18,33,0.0,0,0.0,0,2,0.0,0,0,25,0.0,63,63.0,0.0,0.040983606557377046,0,ESTABLISHED,5.0,0.0,0.4180327868852459,0,0,7.1,python3(232.7%),19.6,50438.1953125,0.0,0,6707.87451171875,69961.5673828125,3185.752282404439,0,0,0,0,0,0,,0,0,,0,0,0,0,,cilium-test-1,nginx-server,,FORWARDED,,0,0,0
1769612865,5e65d589,10.0.0.89,10.0.0.60,35062,8081,6,0,7,473,1.4,94.6,67.57142857142857,0,0.0,0,0,0.0,0,0.0,12,0,12.0,1,0,1,0.0,63,63.0,0.0,0.42857142857142855,0,ESTABLISHED,5.0,2.2718e-05,0.0,1,0,7.4,idle,19.6,50430.16015625,0.0,0,6707.87451171875,69961.5673828125,3185.752282404439,0,0,0,0,0,0,,0,0,,0,0,0,0,,,,,FORWARDED,,0,0,0
1769612865,036e5448,10.0.0.11,10.0.0.181,58284,53,17,0,2,164,0.4,32.8,82.0,0,0.0,0,0,0.0,0,0.0,0,0,0.0,0,0,0,0.0,63,63.0,0.0,0.5,2,ESTABLISHED,5.0,0.0,0.0,0,0,7.4,python3(117.2%),19.6,50430.16015625,0.0,0,6707.87451171875,69961.5673828125,3185.752282404439,0,0,0,0,0,0,,0,0,,0,0,0,0,,cilium-test-1,client-5b9b5866cb-pvsm6,,FORWARDED,,0,0,0
1769612865,2945de2b,10.96.0.10,10.0.0.11,53,58284,17,0,2,309,0.4,61.8,154.5,0,0.0,0,0,0.0,0,0.0,0,0,0.0,0,0,0,0.0,63,63.0,0.0,1.0,0,ESTABLISHED,5.0,0.0,0.0,0,0,7.4,python3(113.4%),19.6,50430.41015625,0.0,0,6707.87451171875,69961.5673828125,3185.752282404439,0,0,0,0,0,0,,0,0,,0,0,0,0,,kube-system,coredns-66bc5c9577-fxqd5,,FORWARDED,,0,0,0
1769612865,6dba6317,10.102.214.146,10.0.0.11,80,58666,6,0,6,3690,1.2,738.0,615.0,1,0.16666666666666666,1,1,0.0,0,0.0,0,1,0.0,1,0,2,0.0,63,63.0,0.0,0.8333333333333334,0,CLOSING,5.0,0.0,0.3333333333333333,0,0,30.0,python3(100.6%),19.6,50423.03515625,0.0,0,6707.87451171875,69961.5673828125,3185.752282404439,0,0,0,0,0,0,,0,0,,0,0,0,0,,cilium-test-1,echo-server-6f59665f5f-8fth2,,FORWARDED,,0,0,0
1769612866,2b718e96,10.0.0.89,10.0.0.106,49034,80,6,0,4,426,0.8,85.2,106.5,0,0.0,0,0,0.0,0,0.0,12,0,12.0,0,0,1,0.0,63,63.0,0.0,0.75,0,ESTABLISHED,5.0,3.5275e-05,0.0,1,0,28.1,python3(101.4%),19.6,50415.55078125,0.0,0,6707.87451171875,69969.4814453125,3185.8640139852014,0,0,0,0,0,0,,0,0,,0,0,0,0,,,,,FORWARDED,,0,0,0
1769612866,308c4ae9,10.0.0.89,10.0.0.60,35072,8081,6,0,5,376,1.0,75.2,75.2,0,0.0,0,0,0.0,0,0.0,12,0,12.0,1,0,1,0.0,63,63.0,0.0,0.6,0,CLOSING,5.0,3.4108e-05,0.0,1,0,28.1,python3(99.3%),19.6,50413.71484375,0.0,0,6707.87451171875,69969.4853515625,3185.864757116778,0,0,0,0,0,0,,0,0,,0,0,0,0,,,,,FORWARDED,,0,0,0
1769612866,fe318206,10.0.0.11,10.0.0.181,54008,53,17,0,2,164,0.4,32.8,82.0,0,0.0,0,0,0.0,0,0.0,0,0,0.0,0,0,0,0.0,63,63.0,0.0,0.5,2,ESTABLISHED,5.0,0.0,0.0,0,0,21.2,python3(98.9%),19.6,50425.08203125,0.0,0,6707.87451171875,69972.8095703125,3185.8445848704346,0,0,0,0,0,0,,0,0,,0,0,0,0,,cilium-test-1,client-5b9b5866cb-pvsm6,,FORWARDED,,0,0,0
1769612866,3439c6d2,10.96.0.10,10.0.0.11,53,54008,17,0,2,309,0.4,61.8,154.5,0,0.0,0,0,0.0,0,0.0,0,0,0.0,0,0,0,0.0,63,63.0,0.0,1.0,0,ESTABLISHED,5.0,0.0,0.0,0,0,21.2,python3(102.4%),19.6,50424.8359375,0.0,0,6707.87451171875,69972.8095703125,3185.8445848704346,0,0,0,0,0,0,,0,0,,0,0,0,0,,kube-system,coredns-66bc5c9577-fxqd5,,FORWARDED,,0,0,0
1769612870,431cc385,10.0.0.11,10.0.0.177,42566,80,6,0,89,4988,17.8,997.6,56.04494382022472,0,0.0,0,0,1.0,1,0.0,11,0,11.0,1,1,0,0.0,63,63.0,0.0,0.033707865168539325,0,CLOSING,5.0,0.020038878,0.011235955056179775,0,0,0.8,"python3(1.7%),kube-apiserver(1.4%),kubelet(1.2%)",19.6,50455.4921875,0.0,0,6707.87451171875,69974.1767578125,3185.736511564534,0,0,0,0,0,0,,0,0,,0,0,0,0,,cilium-test-1,client-5b9b5866cb-pvsm6,,FORWARDED,,0,0,0
1769612870,f35a38c1,10.105.76.177,10.0.0.11,80,42566,6,0,137,225212,27.4,45042.4,1643.8832116788321,19,0.1386861313868613,19,32,0.0,0,0.0,0,0,0.0,0,0,24,0.0,63,63.0,0.0,0.021897810218978103,0,ESTABLISHED,5.0,0.0,0.3722627737226277,0,0,3.2,idle,19.6,50455.94921875,0.0,0,6707.87451171875,69974.1767578125,3185.736511564534,0,0,0,0,0,0,,0,0,,0,0,0,0,,cilium-test-1,nginx-server,,FORWARDED,,0,0,0
1769612870,5bb22351,10.0.0.11,10.0.0.177,42568,80,6,0,35,1964,7.0,392.8,56.114285714285714,0,0.0,0,0,2.0,2,0.0,11,0,11.0,1,2,0,0.0,63,63.0,0.0,0.08571428571428572,0,CLOSING,5.0,0.020035424,0.05714285714285714,0,0,7.4,python3(118.0%),19.6,50455.94921875,0.0,0,6707.87451171875,69974.1767578125,3185.736511564534,0,0,0,0,0,0,,0,0,,0,0,0,0,,cilium-test-1,client-5b9b5866cb-pvsm6,,FORWARDED,,0,0,0
1769612870,c28ec50e,10.105.76.177,10.0.0.11,80,42568,6,0,46,68098,9.2,13619.6,1480.391304347826,7,0.15217391304347827,7,8,0.0,0,0.0,0,0,0.0,0,0,1,0.0,63,63.0,0.0,0.043478260869565216,0,ESTABLISHED,5.0,0.0,0.32608695652173914,0,0,7.1,python3(235.3%),19.6,50455.94921875,0.0,0,6707.87451171875,69974.1767578125,3185.736511564534,0,0,0,0,0,0,,0,0,,0,0,0,0,,cilium-test-1,nginx-server,,FORWARDED,,0,0,0
1769612870,5f39581b,10.0.0.11,10.0.0.177,42578,80,6,0,41,2348,8.2,469.6,57.26829268292683,0,0.0,0,0,1.0,1,0.0,11,0,11.0,1,1,0,0.0,63,63.0,0.0,0.07317073170731707,0,CLOSING,5.0,1.545e-06,0.024390243902439025,0,0,0.0,idle,19.6,50455.94921875,0.0,0,6707.87451171875,69974.1767578125,3185.736511564534,0,0,0,0,0,0,,0,0,,0,0,0,0,,cilium-test-1,client-5b9b5866cb-pvsm6,,FORWARDED,,0,0,0
1769612870,fdc0e7cc,10.105.76.177,10.0.0.11,80,42578,6,0,56,86792,11.2,17358.4,1549.857142857143,9,0.16071428571428573,7,11,0.0,0,0.0,0,0,0.0,0,0,5,0.0,63,63.0,0.0,0.03571428571428571,0,ESTABLISHED,5.0,0.0,0.35714285714285715,0,0,3.7,python3(118.6%),19.6,50455.94921875,0.0,0,6707.87451171875,69974.1767578125,3185.736511564534,0,0,0,0,0,0,,0,0,,0,0,0,0,,cilium-test-1,nginx-server,,FORWARDED,,0,0,0
1769612870,fe15cd6e,10.0.0.11,10.0.0.177,50062,80,6,0,22,1168,4.4,233.6,53.09090909090909,0,0.0,0,0,2.0,2,0.0,11,0,11.0,1,2,0,0.0,63,63.0,0.0,0.13636363636363635,0,CLOSING,5.0,0.020036581,0.09090909090909091,0,0,3.7,idle,19.6,50456.19921875,0.0,0,6707.87451171875,69974.1767578125,3185.736511564534,0,0,0,0,0,0,,0,0,,0,0,0,0,,cilium-test-1,client-5b9b5866cb-pvsm6,,FORWARDED,,0,0,0
1769612870,a962fb4e,10.105.76.177,10.0.0.11,80,50062,6,0,30,46296,6.0,9259.2,1543.2,3,0.1,3,4,0.0,0,0.0,0,0,0.0,0,0,3,0.0,63,63.0,0.0,0.06666666666666667,0,ESTABLISHED,5.0,0.0,0.23333333333333334,0,0,3.7,python3(237.7%),19.6,50456.19921875,0.0,0,6707.87451171875,69974.1767578125,3185.736511564534,0,0,0,0,0,0,,0,0,,0,0,0,0,,cilium-test-1,nginx-server,,FORWARDED,,0,0,0
1769612870,c739da96,10.0.0.11,10.0.0.177,50078,80,6,0,2,104,0.4,20.8,52.0,0,0.0,0,0,1.0,1,0.0,11,0,11.0,1,1,0,0.0,63,63.0,0.0,1.0,0,CLOSING,5.0,0.034459607,0.5,0,0,3.7,kube-controller-manager(118.1%),19.6,50456.19921875,0.0,0,6707.87451171875,69974.1767578125,3185.736511564534,0,0,0,0,0,0,,0,0,,0,0,0,0,,cilium-test-1,client-5b9b5866cb-pvsm6,,FORWARDED,,0,0,0
1769612870,61de0124,10.105.76.177,10.0.0.11,80,50078,6,0,2,2900,0.4,580.0,1450.0,0,0.0,0,0,0.0,0,0.0,0,0,0.0,0,0,0,0.0,63,63.0,0.0,0.5,0,ESTABLISHED,5.0,0.0,0.0,0,0,0.0,python3(118.5%),19.6,50456.19921875,0.0,0,6707.87451171875,69974.1767578125,3185.736511564534,0,0,0,0,0,0,,0,0,,0,0,0,0,,cilium-test-1,nginx-server,,FORWARDED,,0,0,0
1769612870,2b718e96,10.0.0.89,10.0.0.106,49034,80,6,0,1,52,0.2,10.4,52.0,0,0.0,0,0,0.0,0,0.0,16,0,16.0,1,0,0,0.0,63,63.0,0.0,1.0,0,CLOSING,5.0,0.0,0.0,0,0,7.1,"kubelet(117.7%),python3(110.4%)",19.6,50456.19921875,0.0,0,6707.87451171875,69974.1767578125,3185.736511564534,0,0,0,0,0,0,,0,0,,0,0,0,0,,,,,FORWARDED,,0,0,0
1769612870,fe318206,10.0.0.11,10.0.0.181,54008,53,17,0,1,82,0.2,16.4,82.0,0,0.0,0,0,0.0,0,0.0,0,0,0.0,0,0,0,0.0,63,63.0,0.0,1.0,1,ESTABLISHED,5.0,0.0,0.0,0,0,6.7,python3(112.8%),19.6,50456.19921875,0.0,0,6707.87451171875,69974.1767578125,3185.736511564534,0,0,0,0,0,0,,0,0,,0,0,0,0,,cilium-test-1,client-5b9b5866cb-pvsm6,,FORWARDED,,0,0,0
1769612870,3439c6d2,10.96.0.10,10.0.0.11,53,54008,17,0,1,134,0.2,26.8,134.0,0,0.0,0,0,0.0,0,0.0,0,0,0.0,0,0,0,0.0,63,63.0,0.0,1.0,0,ESTABLISHED,5.0,0.0,0.0,0,0,3.7,python3(114.8%),19.6,50455.96484375,0.0,0,6707.87451171875,69974.1767578125,3185.736511564534,0,0,0,0,0,0,,0,0,,0,0,0,0,,kube-system,coredns-66bc5c9577-fxqd5,,FORWARDED,,0,0,0
1769612870,df450442,10.0.0.89,10.0.0.163,51268,4222,6,0,10,806,2.0,161.2,80.6,0,0.0,0,0,0.0,0,0.0,17,0,17.0,1,0,4,0.0,63,63.0,0.0,0.6,0,ESTABLISHED,5.0,-0.000139456,0.0,1,0,3.6,idle,19.6,50456.47265625,0.0,0,6707.87451171875,69974.1767578125,3185.736511564534,0,0,0,0,0,0,,0,0,,0,0,0,0,,,,,FORWARDED,,0,0,0
1769612870,8b16c62a,10.96.0.1,10.0.0.181,443,35484,6,2,1,175,0.2,35.0,175.0,0,0.0,0,0,0.0,0,0.0,0,0,0.0,0,0,1,0.0,63,63.0,0.0,1.0,0,ESTABLISHED,5.0,0.0,0.0,0,0,3.8,python3(239.6%),19.6,50456.47265625,0.0,0,6707.87451171875,69974.1767578125,3185.736511564534,0,0,0,0,0,0,,0,0,,0,0,0,0,,,,,FORWARDED,,0,0,0
1769612870,5834c09e,10.0.0.11,10.0.0.181,44447,53,17,0,3,270,0.6,54.0,90.0,0,0.0,0,0,0.0,0,0.0,0,0,0.0,0,0,0,0.0,63,63.0,0.0,0.3333333333333333,3,ESTABLISHED,5.0,0.0,0.0,0,0,3.6,python3(115.8%),19.6,50456.47265625,0.0,0,6707.87451171875,69974.1767578125,3185.736511564534,0,0,0,0,0,0,,0,0,,0,0,0,0,,cilium-test-1,client-5b9b5866cb-pvsm6,,FORWARDED,,0,0,0
1769612871,e3bb1d2b,10.96.0.10,10.0.0.11,53,44447,17,0,3,516,0.6,103.2,172.0,0,0.0,0,0,0.0,0,0.0,0,0,0.0,0,0,0,0.0,63,63.0,0.0,0.6666666666666666,0,ESTABLISHED,5.0,0.0,0.0,0,0,7.1,idle,19.6,50456.47265625,0.0,0,6707.87451171875,69974.1767578125,3185.736511564534,0,0,0,0,0,0,,0,0,,0,0,0,0,,kube-system,coredns-66bc5c9577-fxqd5,,FORWARDED,,0,0,0
1769612871,8f67d2f3,10.0.0.11,10.0.0.181,42385,53,17,0,3,270,0.6,54.0,90.0,0,0.0,0,0,0.0,0,0.0,0,0,0.0,0,0,0,0.0,63,63.0,0.0,0.3333333333333333,3,ESTABLISHED,5.0,0.0,0.0,0,0,0.0,python3(116.6%),19.6,50456.47265625,0.0,0,6707.87451171875,69974.1767578125,3185.736511564534,0,0,0,0,0,0,,0,0,,0,0,0,0,,cilium-test-1,client-5b9b5866cb-pvsm6,,FORWARDED,,0,0,0
1769612871,02cb91e7,10.0.0.11,10.0.0.181,44584,53,17,0,2,180,0.4,36.0,90.0,0,0.0,0,0,0.0,0,0.0,0,0,0.0,0,0,0,0.0,63,63.0,0.0,0.5,2,ESTABLISHED,5.0,0.0,0.0,0,0,3.7,python3(118.1%),19.6,50456.47265625,0.0,0,6707.87451171875,69974.1767578125,3185.736511564534,0,0,0,0,0,0,,0,0,,0,0,0,0,,cilium-test-1,client-5b9b5866cb-pvsm6,,FORWARDED,,0,0,0
1769612871,91ab3f0d,10.0.0.11,10.0.0.181,55054,53,17,0,2,180,0.4,36.0,90.0,0,0.0,0,0,0.0,0,0.0,0,0,0.0,0,0,0,0.0,63,63.0,0.0,0.5,2,ESTABLISHED,5.0,0.0,0.0,0,0,3.7,python3(117.3%),19.6,50456.47265625,0.0,0,6707.87451171875,69974.1767578125,3185.736511564534,0,0,0,0,0,0,,0,0,,0,0,0,0,,cilium-test-1,client-5b9b5866cb-pvsm6,,FORWARDED,,0,0,0
1769612871,c3c5ff6a,10.96.0.10,10.0.0.11,53,44584,17,0,2,333,0.4,66.6,166.5,0,0.0,0,0,0.0,0,0.0,0,0,0.0,0,0,0,0.0,63,63.0,0.0,1.0,0,ESTABLISHED,5.0,0.0,0.0,0,0,0.0,python3(117.5%),19.6,50456.47265625,0.0,0,6707.87451171875,69974.1767578125,3185.736511564534,0,0,0,0,0,0,,0,0,,0,0,0,0,,kube-system,coredns-66bc5c9577-fxqd5,,FORWARDED,,0,0,0
1769612871,14df7cc0,10.96.0.10,10.0.0.11,53,55054,17,0,2,333,0.4,66.6,166.5,0,0.0,0,0,0.0,0,0.0,0,0,0.0,0,0,0,0.0,63,63.0,0.0,1.0,0,ESTABLISHED,5.0,0.0,0.0,0,0,7.1,idle,19.6,50456.47265625,0.0,0,6707.87451171875,69974.1767578125,3185.736511564534,0,0,0,0,0,0,,0,0,,0,0,0,0,,kube-system,coredns-66bc5c9577-fxqd5,,FORWARDED,,0,0,0
1769612871,c8865eff,10.96.0.10,10.0.0.11,53,42385,17,0,3,483,0.6,96.6,161.0,0,0.0,0,0,0.0,0,0.0,0,0,0.0,0,0,0,0.0,63,63.0,0.0,0.6666666666666666,0,ESTABLISHED,5.0,0.0,0.0,0,0,0.0,python3(234.3%),19.6,50456.47265625,0.0,0,6707.87451171875,69974.1767578125,3185.736511564534,0,0,0,0,0,0,,0,0,,0,0,0,0,,kube-system,coredns-66bc5c9577-fxqd5,,FORWARDED,,0,0,0
1769612871,29158c93,10.0.0.11,10.0.0.181,43496,53,17,0,2,180,0.4,36.0,90.0,0,0.0,0,0,0.0,0,0.0,0,0,0.0,0,0,0,0.0,63,63.0,0.0,0.5,2,ESTABLISHED,5.0,0.0,0.0,0,0,3.6,python3(116.0%),19.6,50456.47265625,0.0,0,6707.87451171875,69974.1767578125,3185.736511564534,0,0,0,0,0,0,,0,0,,0,0,0,0,,cilium-test-1,client-5b9b5866cb-pvsm6,,FORWARDED,,0,0,0
1769612871,23c679dd,10.96.0.10,10.0.0.11,53,43496,17,0,2,333,0.4,66.6,166.5,0,0.0,0,0,0.0,0,0.0,0,0,0.0,0,0,0,0.0,63,63.0,0.0,1.0,0,ESTABLISHED,5.0,0.0,0.0,0,0,3.7,idle,19.6,50456.47265625,0.0,0,6707.87451171875,69974.1767578125,3185.736511564534,0,0,0,0,0,0,,0,0,,0,0,0,0,,kube-system,coredns-66bc5c9577-fxqd5,,FORWARDED,,0,0,0
1769612871,1ed0ac4e,10.0.0.11,10.0.0.177,50096,80,6,0,118,7069,23.6,1413.8,59.90677966101695,0,0.0,0,0,0.0,0,0.0,11,0,11.0,0,0,1,0.0,63,63.0,0.0,0.03389830508474576,0,ESTABLISHED,5.0,0.020037502,0.0,1,0,6.9,"python3(117.5%),cilium-agent(117.3%)",19.6,50456.47265625,0.0,0,6707.87451171875,69974.1767578125,3185.736511564534,0,0,0,0,0,0,,0,0,,0,0,0,0,,cilium-test-1,client-5b9b5866cb-pvsm6,,FORWARDED,,0,0,0
1769612871,0c48aeeb,10.105.76.177,10.0.0.11,80,50096,6,0,177,324022,35.4,64804.4,1830.6327683615818,24,0.13559322033898305,24,64,0.0,0,0.0,0,1,0.0,0,0,53,0.0,63,63.0,0.0,0.02824858757062147,0,ESTABLISHED,5.0,0.0,0.4971751412429379,0,0,0.0,python3(116.8%),19.6,50456.47265625,0.0,0,6707.87451171875,69974.1767578125,3185.736511564534,0,0,0,0,0,0,,0,0,,0,0,0,0,,cilium-test-1,nginx-server,,FORWARDED,,0,0,0
1769612871,f3ecac92,10.0.0.11,10.0.0.177,50092,80,6,0,79,4537,15.8,907.4,57.43037974683544,0,0.0,0,0,0.0,0,0.0,11,0,11.0,0,0,1,0.0,63,63.0,0.0,0.0379746835443038,0,ESTABLISHED,5.0,0.020054035,0.0,1,0,3.7,idle,19.6,50456.47265625,0.0,0,6707.87451171875,69974.1767578125,3185.736511564534,0,0,0,0,0,0,,0,0,,0,0,0,0,,cilium-test-1,client-5b9b5866cb-pvsm6,,FORWARDED,,0,0,0
1769612871,23a11c9e,10.105.76.177,10.0.0.11,80,50092,6,0,116,195290,23.2,39058.0,1683.5344827586207,17,0.14655172413793102,17,32,0.0,0,0.0,0,1,0.0,0,0,26,0.0,63,63.0,0.0,0.04310344827586207,0,ESTABLISHED,5.0,0.0,0.4224137931034483,0,0,6.9,python3(200.7%),19.6,50456.47265625,0.0,0,6707.87451171875,69974.1767578125,3185.736511564534,0,0,0,0,0,0,,0,0,,0,0,0,0,,cilium-test-1,nginx-server,,FORWARDED,,0,0,0
1769612871,80355ce6,10.0.0.11,10.0.0.177,50108,80,6,0,87,5025,17.4,1005.0,57.758620689655174,0,0.0,0,0,0.0,0,0.0,11,0,11.0,0,0,1,0.0,63,63.0,0.0,0.034482758620689655,0,ESTABLISHED,5.0,0.020024005,0.0,1,0,0.0,idle,19.6,50456.47265625,0.0,0,6707.87451171875,69974.1767578125,3185.736511564534,0,0,0,0,0,0,,0,0,,0,0,0,0,,cilium-test-1,client-5b9b5866cb-pvsm6,,FORWARDED,,0,0,0
1769612871,86640818,10.105.76.177,10.0.0.11,80,50108,6,0,121,191356,24.2,38271.2,1581.4545454545455,18,0.1487603305785124,18,29,0.0,0,0.0,0,1,0.0,0,0,20,0.0,63,63.0,0.0,0.04132231404958678,0,ESTABLISHED,5.0,0.0,0.3884297520661157,0,0,3.6,python3(233.3%),19.6,50456.47265625,0.0,0,6707.87451171875,69974.1767578125,3185.736511564534,0,0,0,0,0,0,,0,0,,0,0,0,0,,cilium-test-1,nginx-server,,FORWARDED,,0,0,0
1769612871,ba17c505,10.0.0.89,10.0.0.181,38372,8080,6,0,6,428,1.2,85.6,71.33333333333333,0,0.0,0,0,0.0,0,0.0,17,0,17.0,1,0,1,0.0,63,63.0,0.0,0.5,0,ESTABLISHED,5.0,3.6589e-05,0.0,1,0,3.7,idle,19.6,50456.47265625,0.0,0,6707.87451171875,69974.1767578125,3185.736511564534,0,0,0,0,0,0,,0,0,,0,0,0,0,,,,,FORWARDED,,0,0,0
1769612871,e8f253cb,10.0.0.89,10.0.0.163,46294,4222,6,0,10,806,2.0,161.2,80.6,0,0.0,0,0,0.0,0,0.0,17,0,17.0,1,0,5,0.0,63,63.0,0.0,0.6,0,ESTABLISHED,5.0,3.0407e-05,0.0,1,0,3.7,python3(118.1%),19.6,50456.47265625,0.0,0,6707.87451171875,69974.1767578125,3185.736511564534,0,0,0,0,0,0,,0,0,,0,0,0,0,,,,,FORWARDED,,0,0,0
1769612871,3ab644a8,10.0.0.89,10.0.0.181,56644,8181,6,0,5,375,1.0,75.0,75.0,0,0.0,0,0,0.0,0,0.0,17,0,17.0,1,0,1,0.0,63,63.0,0.0,0.6,0,CLOSING,5.0,3.1806e-05,0.0,1,0,0.0,python3(117.7%),19.6,50456.47265625,0.0,0,6707.87451171875,69974.1767578125,3185.736511564534,0,0,0,0,0,0,,0,0,,0,0,0,0,,,,,FORWARDED,,0,0,0
1769612871,58bfa315,10.0.0.11,10.0.0.181,51042,53,17,0,2,164,0.4,32.8,82.0,0,0.0,0,0,0.0,0,0.0,0,0,0.0,0,0,0,0.0,63,63.0,0.0,0.5,2,ESTABLISHED,5.0,0.0,0.0,0,0,7.1,python3(117.9%),19.6,50456.47265625,0.0,0,6707.87451171875,69974.1767578125,3185.736511564534,0,0,0,0,0,0,,0,0,,0,0,0,0,,cilium-test-1,client-5b9b5866cb-pvsm6,,FORWARDED,,0,0,0
1769612871,635b64c7,10.96.0.10,10.0.0.11,53,51042,17,0,2,309,0.4,61.8,154.5,0,0.0,0,0,0.0,0,0.0,0,0,0.0,0,0,0,0.0,63,63.0,0.0,1.0,0,ESTABLISHED,5.0,0.0,0.0,0,0,0.0,idle,19.6,50456.47265625,0.0,0,6707.87451171875,69974.1767578125,3185.736511564534,0,0,0,0,0,0,,0,0,,0,0,0,0,,kube-system,coredns-66bc5c9577-fxqd5,,FORWARDED,,0,0,0
1769612871,f9dbf5b0,10.102.214.146,10.0.0.11,80,32834,6,0,1,60,0.2,12.0,60.0,0,0.0,0,0,0.0,0,0.0,0,1,0.0,0,0,0,0.0,63,63.0,0.0,1.0,0,NEW,5.0,0.0,0.0,0,0,7.1,python3(236.4%),19.6,50456.47265625,0.0,0,6707.87451171875,69974.1767578125,3185.736511564534,0,0,0,0,0,200,GET,1,0,,0,0,0,0,http,cilium-test-1,echo-server-6f59665f5f-8fth2,,FORWARDED,,0,0,0
1769612871,4e40e006,10.0.0.11,10.0.0.177,45114,80,6,0,21,1409,4.2,281.8,67.0952380952381,0,0.0,0,0,0.0,0,0.0,11,0,11.0,0,0,1,0.0,63,63.0,0.0,0.19047619047619047,0,ESTABLISHED,5.0,0.02003202,0.0,1,0,3.7,python3(110.6%),19.6,50456.47265625,0.0,0,6707.87451171875,69974.1767578125,3185.736511564534,0,0,0,0,0,0,,0,0,,0,0,0,0,,cilium-test-1,client-5b9b5866cb-pvsm6,,FORWARDED,,0,0,0
1769612871,5eb8f78e,10.105.76.177,10.0.0.11,80,45114,6,0,30,53554,6.0,10710.8,1785.1333333333334,4,0.13333333333333333,4,13,0.0,0,0.0,0,1,0.0,0,0,11,0.0,63,63.0,0.0,0.16666666666666666,0,ESTABLISHED,5.0,0.0,0.5666666666666667,0,0,3.6,idle,19.6,50456.47265625,0.0,0,6707.87451171875,69974.1767578125,3185.736511564534,0,0,0,0,0,0,,0,0,,0,0,0,0,,cilium-test-1,nginx-server,,FORWARDED,,0,0,0
1769612871,1fa6d4eb,10.0.0.11,10.0.0.177,45120,80,6,0,43,2989,8.6,597.8,69.51162790697674,0,0.0,0,0,0.0,0,0.0,11,0,11.0,0,0,1,0.0,63,63.0,0.0,0.11627906976744186,0,ESTABLISHED,5.0,0.020026854,0.0,1,0,3.6,python3(113.4%),19.6,50456.47265625,0.0,0,6707.87451171875,69974.1767578125,3185.736511564534,0,0,0,0,0,0,,0,0,,0,0,0,0,,cilium-test-1,client-5b9b5866cb-pvsm6,,FORWARDED,,0,0,0
1769612871,0dd7f8b0,10.105.76.177,10.0.0.11,80,45120,6,0,68,157584,13.6,31516.8,2317.4117647058824,7,0.10294117647058823,7,45,0.0,0,0.0,0,1,0.0,0,0,42,0.0,63,63.0,0.0,0.08823529411764706,0,ESTABLISHED,5.0,0.0,0.7647058823529411,0,0,6.9,python3(225.5%),19.6,50456.47265625,0.0,0,6707.87451171875,69974.1767578125,3185.736511564534,0,0,0,0,0,0,,0,0,,0,0,0,0,,cilium-test-1,nginx-server,,FORWARDED,,0,0,0
1769612875,1ed0ac4e,10.0.0.11,10.0.0.177,50096,80,6,0,157,8904,31.4,1780.8,56.71337579617835,0,0.0,0,0,0.0,0,0.0,18,0,18.0,0,0,0,0.0,63,63.0,0.0,0.01910828025477707,0,ESTABLISHED,5.0,0.248079122,0.0,0,0,0.8,"kube-apiserver(1.8%),kubelet(1.6%),dockerd(1.3%)",19.5,50462.8359375,0.0,0,6707.87451171875,69974.9580078125,3185.7247873864053,0,0,0,0,0,0,,0,0,,0,0,0,0,,cilium-test-1,client-5b9b5866cb-pvsm6,,FORWARDED,,0,0,0
1769612875,0c48aeeb,10.105.76.177,10.0.0.11,80,50096,6,0,230,358664,46.0,71732.8,1559.408695652174,39,0.16956521739130434,39,50,0.0,0,0.0,0,0,0.0,0,0,24,0.0,63,63.0,0.0,0.008695652173913044,0,ESTABLISHED,5.0,0.0,0.3869565217391304,0,0,3.2,python3(213.7%),19.5,50462.8359375,0.0,0,6707.87451171875,69974.9580078125,3185.7247873864053,0,0,0,0,0,0,,0,0,,0,0,0,0,,cilium-test-1,nginx-server,,FORWARDED,,0,0,0
1769612875,f3ecac92,10.0.0.11,10.0.0.177,50092,80,6,0,177,9996,35.4,1999.2,56.47457627118644,0,0.0,0,0,0.0,0,0.0,18,0,18.0,0,0,0,0.0,63,63.0,0.0,0.01694915254237288,0,ESTABLISHED,5.0,0.020179878,0.0,0,0,6.9,idle,19.5,50462.8359375,0.0,0,6707.87451171875,69974.9580078125,3185.7247873864053,0,0,0,0,0,0,,0,0,,0,0,0,0,,cilium-test-1,client-5b9b5866cb-pvsm6,,FORWARDED,,0,0,0
1769612875,23a11c9e,10.105.76.177,10.0.0.11,80,50092,6,0,266,466784,53.2,93356.8,1754.827067669173,31,0.11654135338345864,31,81,0.0,0,0.0,0,0,0.0,0,0,60,0.0,63,63.0,0.0,0.007518796992481203,0,ESTABLISHED,5.0,0.0,0.42105263157894735,0,0,6.9,python3(115.0%),19.5,50462.8359375,0.0,0,6707.87451171875,69974.9580078125,3185.7247873864053,0,0,0,0,0,0,,0,0,,0,0,0,0,,cilium-test-1,nginx-server,,FORWARDED,,0,0,0
1769612875,80355ce6,10.0.0.11,10.0.0.177,50108,80,6,0,114,6432,22.8,1286.4,56.421052631578945,0,0.0,0,0,0.0,0,0.0,18,0,18.0,0,0,0,0.0,63,63.0,0.0,0.017543859649122806,0,ESTABLISHED,5.0,0.066728857,0.0,0,0,3.7,python3(111.8%),19.5,50462.8359375,0.0,0,6707.87451171875,69974.9580078125,3185.7247873864053,0,0,0,0,0,0,,0,0,,0,0,0,0,,cilium-test-1,client-5b9b5866cb-pvsm6,,FORWARDED,,0,0,0
1769612875,86640818,10.105.76.177,10.0.0.11,80,50108,6,0,184,301750,36.8,60350.0,1639.945652173913,22,0.11956521739130435,21,44,0.0,0,0.0,0,0,0.0,0,0,30,0.0,63,63.0,0.0,0.010869565217391304,0,ESTABLISHED,5.0,0.0,0.358695652173913,0,0,3.6,python3(111.9%),19.5,50462.8359375,0.0,0,6707.87451171875,69974.9580078125,3185.7247873864053,0,0,0,0,0,0,,0,0,,0,0,0,0,,cilium-test-1,nginx-server,,FORWARDED,,0,0,0
1769612875,f9dbf5b0,10.102.214.146,10.0.0.11,80,32834,6,0,6,2013,1.2,402.6,335.5,0,0.0,0,0,0.0,0,0.0,0,2,0.0,1,0,1,0.0,63,63.0,0.0,0.6666666666666666,0,CLOSING,5.0,0.0,0.0,0,0,6.9,"python3(117.5%),cilium-agent(115.9%)",19.5,50462.58984375,0.0,0,6707.87451171875,69974.9580078125,3185.7247873864053,0,0,0,0,0,0,,0,0,,0,0,0,0,,cilium-test-1,echo-server-6f59665f5f-8fth2,,FORWARDED,,0,0,0
1769612875,4e40e006,10.0.0.11,10.0.0.177,45114,80,6,0,137,7812,27.4,1562.4,57.02189781021898,0,0.0,0,0,0.0,0,0.0,18,0,18.0,0,0,0,0.0,63,63.0,0.0,0.021897810218978103,0,ESTABLISHED,5.0,4.082e-06,0.0,0,0,0.0,idle,19.5,50462.58984375,0.0,0,6707.87451171875,69974.9580078125,3185.7247873864053,0,0,0,0,0,0,,0,0,,0,0,0,0,,cilium-test-1,client-5b9b5866cb-pvsm6,,FORWARDED,,0,0,0
1769612875,5eb8f78e,10.105.76.177,10.0.0.11,80,45114,6,0,203,334892,40.6,66978.4,1649.7142857142858,33,0.1625615763546798,33,52,0.0,0,0.0,0,0,0.0,0,0,32,0.0,63,63.0,0.0,0.009852216748768473,0,ESTABLISHED,5.0,0.0,0.4187192118226601,0,0,3.7,python3(233.6%),19.5,50462.58984375,0.0,0,6707.87451171875,69974.9580078125,3185.7247873864053,0,0,0,0,0,0,,0,0,,0,0,0,0,,cilium-test-1,nginx-server,,FORWARDED,,0,0,0
1769612875,1fa6d4eb,10.0.0.11,10.0.0.177,45120,80,6,0,224,12864,44.8,2572.8,57.42857142857143,0,0.0,0,0,0.0,0,0.0,18,0,18.0,0,0,0,0.0,63,63.0,0.0,0.017857142857142856,0,ESTABLISHED,5.0,3.671e-06,0.0,0,0,6.9,idle,19.5,50462.58984375,0.0,0,6707.87451171875,69974.9580078125,3185.7247873864053,0,0,0,0,0,0,,0,0,,0,0,0,0,,cilium-test-1,client-5b9b5866cb-pvsm6,,FORWARDED,,0,0,0
1769612875,0dd7f8b0,10.105.76.177,10.0.0.11,80,45120,6,0,324,549486,64.8,109897.2,1695.9444444444443,41,0.12654320987654322,41,90,0.0,0,0.0,0,0,0.0,0,0,59,0.0,63,63.0,0.0,0.006172839506172839,0,ESTABLISHED,5.0,0.0,0.404320987654321,0,0,0.0,python3(106.3%),19.5,50462.58984375,0.0,0,6707.87451171875,69974.9580078125,3185.7247873864053,0,0,0,0,0,0,,0,0,,0,0,0,0,,cilium-test-1,nginx-server,,FORWARDED,,0,0,0
1769612875,775a068b,10.0.0.89,10.0.0.60,50822,8081,6,0,6,421,1.2,84.2,70.16666666666667,0,0.0,0,0,0.0,0,0.0,21,0,21.0,1,0,1,0.0,63,63.0,0.0,0.5,0,CLOSING,5.0,3.8104e-05,0.0,1,0,3.4,python3(118.6%),19.5,50462.58984375,0.0,0,6707.87451171875,69974.9580078125,3185.7247873864053,0,0,0,0,0,0,,0,0,,0,0,0,0,,,,,FORWARDED,,0,0,0
1769612875,ddc42f28,10.0.0.89,10.0.0.106,45700,80,6,0,4,426,0.8,85.2,106.5,0,0.0,0,0,0.0,0,0.0,21,0,21.0,0,0,1,0.0,63,63.0,0.0,0.75,0,ESTABLISHED,5.0,2.6646e-05,0.0,1,0,3.7,python3(119.9%),19.5,50462.58984375,0.0,0,6707.87451171875,69974.9580078125,3185.7247873864053,0,0,0,0,0,0,,0,0,,0,0,0,0,,,,,FORWARDED,,0,0,0
1769612875,6a915088,10.0.0.89,10.0.0.60,50832,8081,6,0,5,376,1.0,75.2,75.2,0,0.0,0,0,0.0,0,0.0,21,0,21.0,1,0,1,0.0,63,63.0,0.0,0.6,0,CLOSING,5.0,3.1737e-05,0.0,1,0,3.7,python3(118.4%),19.5,50462.58984375,0.0,0,6707.87451171875,69974.9580078125,3185.7247873864053,0,0,0,0,0,0,,0,0,,0,0,0,0,,,,,FORWARDED,,0,0,0
1769612875,e512c745,10.0.0.11,10.0.0.181,59148,53,17,0,2,164,0.4,32.8,82.0,0,0.0,0,0,0.0,0,0.0,0,0,0.0,0,0,0,0.0,63,63.0,0.0,0.5,2,ESTABLISHED,5.0,0.0,0.0,0,0,3.7,python3(117.5%),19.5,50462.58984375,0.0,0,6707.87451171875,69974.9580078125,3185.7247873864053,0,0,0,0,0,0,,0,0,,0,0,0,0,,cilium-test-1,client-5b9b5866cb-pvsm6,,FORWARDED,,0,0,0
1769612875,47cee0b1,10.96.0.10,10.0.0.11,53,59148,17,0,2,309,0.4,61.8,154.5,0,0.0,0,0,0.0,0,0.0,0,0,0.0,0,0,0,0.0,63,63.0,0.0,1.0,0,ESTABLISHED,5.0,0.0,0.0,0,0,3.7,python3(116.8%),19.5,50462.58984375,0.0,0,6707.87451171875,69974.9580078125,3185.7247873864053,0,0,0,0,0,0,,0,0,,0,0,0,0,,kube-system,coredns-66bc5c9577-fxqd5,,FORWARDED,,0,0,0
1769612876,8f2bcd29,10.102.214.146,10.0.0.11,80,32844,6,0,8,2125,1.6,425.0,265.625,0,0.0,0,0,0.0,0,0.0,0,3,0.0,2,0,1,0.0,63,63.0,0.0,0.5,0,CLOSING,5.0,0.0,0.0,0,0,0.0,idle,19.5,50462.58984375,0.0,0,6707.87451171875,69974.9580078125,3185.7247873864053,0,0,0,0,0,0,,0,0,,0,0,0,0,,cilium-test-1,echo-server-6f59665f5f-8fth2,,FORWARDED,,0,0,0
1769612876,0d6231cd,10.108.198.102,10.0.0.163,443,46970,6,2,1,52,0.2,10.4,52.0,0,0.0,0,0,0.0,0,0.0,0,0,0.0,0,0,0,0.0,63,63.0,0.0,1.0,0,ESTABLISHED,5.0,0.0,0.0,0,0,7.1,python3(117.5%),19.5,50462.58984375,0.0,0,6707.87451171875,69974.9580078125,3185.7247873864053,0,0,0,0,0,0,,0,0,,0,0,0,0,,,,,FORWARDED,,0,0,0
1769612876,0c46b28a,10.0.0.89,10.0.0.106,45714,80,6,0,4,426,0.8,85.2,106.5,0,0.0,0,0,0.0,0,0.0,21,0,21.0,0,0,1,0.0,63,63.0,0.0,0.75,0,ESTABLISHED,5.0,2.3532e-05,0.0,1,0,3.6,python3(117.4%),19.5,50462.58984375,0.0,0,6707.87451171875,69974.9580078125,3185.7247873864053,0,0,0,0,0,0,,0,0,,0,0,0,0,,,,,FORWARDED,,0,0,0
1769612880,1ed0ac4e,10.0.0.11,10.0.0.177,50096,80,6,0,80,4504,16.0,900.8,56.3,0,0.0,0,0,1.0,1,0.0,18,0,18.0,1,1,0,0.0,63,63.0,0.0,0.05,0,CLOSING,5.0,0.020013128,0.0125,0,0,0.7,"kube-apiserver(1.4%),dockerd(1.2%),cilium-agent(1.2%)",19.5,50475.23046875,0.0,0,6707.87451171875,69975.6845703125,3185.7185670246686,0,0,0,0,0,0,,0,0,,0,0,0,0,,cilium-test-1,client-5b9b5866cb-pvsm6,,FORWARDED,,0,0,0
1769612880,0c48aeeb,10.105.76.177,10.0.0.11,80,50096,6,0,115,211486,23.0,42297.2,1839.0086956521739,14,0.12173913043478261,14,41,0.0,0,0.0,0,0,0.0,0,0,32,0.0,63,63.0,0.0,0.017391304347826087,0,ESTABLISHED,5.0,0.0,0.4782608695652174,0,0,6.5,idle,19.5,50475.23046875,0.0,0,6707.87451171875,69975.6845703125,3185.7185670246686,0,0,0,0,0,0,,0,0,,0,0,0,0,,cilium-test-1,nginx-server,,FORWARDED,,0,0,0
1769612880,f3ecac92,10.0.0.11,10.0.0.177,50092,80,6,0,84,4796,16.8,959.2,57.095238095238095,0,0.0,0,0,1.0,1,0.0,18,0,18.0,1,1,0,0.0,63,63.0,0.0,0.047619047619047616,0,CLOSING,5.0,0.020026826,0.011904761904761904,0,0,0.0,python3(231.1%),19.5,50475.23046875,0.0,0,6707.87451171875,69975.6845703125,3185.7185670246686,0,0,0,0,0,0,,0,0,,0,0,0,0,,cilium-test-1,client-5b9b5866cb-pvsm6,,FORWARDED,,0,0,0
1769612880,23a11c9e,10.105.76.177,10.0.0.11,80,50092,6,0,126,193884,25.2,38776.8,1538.7619047619048,19,0.15079365079365079,19,26,0.0,0,0.0,0,0,0.0,0,0,15,0.0,63,63.0,0.0,0.023809523809523808,0,ESTABLISHED,5.0,0.0,0.35714285714285715,0,0,3.7,idle,19.5,50475.23046875,0.0,0,6707.87451171875,69975.6845703125,3185.7185670246686,0,0,0,0,0,0,,0,0,,0,0,0,0,,cilium-test-1,nginx-server,,FORWARDED,,0,0,0
1769612880,80355ce6,10.0.0.11,10.0.0.177,50108,80,6,0,99,5592,19.8,1118.4,56.484848484848484,0,0.0,0,0,1.0,1,0.0,18,0,18.0,1,1,0,0.0,63,63.0,0.0,0.030303030303030304,0,CLOSING,5.0,0.020031107,0.010101010101010102,0,0,7.1,python3(115.0%),19.5,50475.23046875,0.0,0,6707.87451171875,69975.6845703125,3185.7185670246686,0,0,0,0,0,0,,0,0,,0,0,0,0,,cilium-test-1,client-5b9b5866cb-pvsm6,,FORWARDED,,0,0,0
1769612880,86640818,10.105.76.177,10.0.0.11,80,50108,6,0,144,238158,28.8,47631.6,1653.875,20,0.1388888888888889,20,35,0.0,0,0.0,0,0,0.0,0,0,22,0.0,63,63.0,0.0,0.013888888888888888,0,ESTABLISHED,5.0,0.0,0.3819444444444444,0,0,7.1,python3(117.6%),19.5,50475.23046875,0.0,0,6707.87451171875,69975.6845703125,3185.7185670246686,0,0,0,0,0,0,,0,0,,0,0,0,0,,cilium-test-1,nginx-server,,FORWARDED,,0,0,0
1769612880,4e40e006,10.0.0.11,10.0.0.177,45114,80,6,0,1,52,0.2,10.4,52.0,0,0.0,0,0,0.0,0,0.0,18,0,18.0,1,0,0,0.0,63,63.0,0.0,1.0,0,CLOSING,5.0,0.0,0.0,0,0,3.7,kube-apiserver(117.7%),19.5,50475.23046875,0.0,0,6707.87451171875,69975.6845703125,3185.7185670246686,0,0,0,0,0,0,,0,0,,0,0,0,0,,cilium-test-1,client-5b9b5866cb-pvsm6,,FORWARDED,,0,0,0
1769612880,5eb8f78e,10.105.76.177,10.0.0.11,80,45114,6,0,3,2952,0.6,590.4,984.0,0,0.0,0,1,0.0,0,0.0,0,0,0.0,0,0,0,0.0,63,63.0,0.0,0.6666666666666666,0,ESTABLISHED,5.0,0.0,0.3333333333333333,0,0,3.7,"python3(230.3%),kube-apiserver(115.1%)",19.5,50475.23046875,0.0,0,6707.87451171875,69975.6845703125,3185.7185670246686,0,0,0,0,0,0,,0,0,,0,0,0,0,,cilium-test-1,nginx-server,,FORWARDED,,0,0,0
1769612880,1fa6d4eb,10.0.0.11,10.0.0.177,45120,80,6,0,73,4084,14.6,816.8,55.945205479452056,0,0.0,0,0,2.0,2,0.0,18,0,18.0,1,2,0,0.0,63,63.0,0.0,0.0410958904109589,0,CLOSING,5.0,0.020045597,0.0273972602739726,0,0,3.6,idle,19.5,50475.23046875,0.0,0,6707.87451171875,69975.6845703125,3185.7185670246686,0,0,0,0,0,0,,0,0,,0,0,0,0,,cilium-test-1,client-5b9b5866cb-pvsm6,,FORWARDED,,0,0,0
1769612880,0dd7f8b0,10.105.76.177,10.0.0.11,80,45120,6,0,102,150696,20.4,30139.2,1477.4117647058824,18,0.17647058823529413,18,19,0.0,0,0.0,0,0,0.0,0,0,4,0.0,63,63.0,0.0,0.0196078431372549,0,ESTABLISHED,5.0,0.0,0.3627450980392157,0,0,3.6,python3(227.8%),19.5,50475.23046875,0.0,0,6707.87451171875,69975.6845703125,3185.7185670246686,0,0,0,0,0,0,,0,0,,0,0,0,0,,cilium-test-1,nginx-server,,FORWARDED,,0,0,0
1769612880,ddc42f28,10.0.0.89,10.0.0.106,45700,80,6,0,1,52,0.2,10.4,52.0,0,0.0,0,0,0.0,0,0.0,26,0,26.0,1,0,0,0.0,63,63.0,0.0,1.0,0,CLOSING,5.0,0.0,0.0,0,0,6.5,idle,19.5,50475.23046875,0.0,0,6707.87451171875,69975.6845703125,3185.7185670246686,0,0,0,0,0,0,,0,0,,0,0,0,0,,,,,FORWARDED,,0,0,0
1769612880,0c46b28a,10.0.0.89,10.0.0.106,45714,80,6,0,1,52,0.2,10.4,52.0,0,0.0,0,0,0.0,0,0.0,26,0,26.0,1,0,0,0.0,63,63.0,0.0,1.0,0,CLOSING,5.0,0.0,0.0,0,0,3.7,python3(111.5%),19.5,50475.23046875,0.0,0,6707.87451171875,69975.6845703125,3185.7185670246686,0,0,0,0,0,0,,0,0,,0,0,0,0,,,,,FORWARDED,,0,0,0
1769612880,01554cf8,10.0.0.89,10.0.0.163,46296,4222,6,0,13,962,2.6,192.4,74.0,0,0.0,0,0,0.0,0,0.0,26,0,26.0,1,0,7,0.0,63,63.0,0.0,0.6153846153846154,0,ESTABLISHED,5.0,-0.000306854,0.0,1,0,3.6,idle,19.5,50475.23046875,0.0,0,6707.87451171875,69975.6845703125,3185.7185670246686,0,0,0,0,0,0,,0,0,,0,0,0,0,,,,,FORWARDED,,0,0,0
1769612880,2c15134b,10.0.0.11,10.0.0.181,33288,53,17,0,3,246,0.6,49.2,82.0,0,0.0,0,0,0.0,0,0.0,0,0,0.0,0,0,0,0.0,63,63.0,0.0,0.3333333333333333,3,ESTABLISHED,5.0,0.0,0.0,0,0,7.1,python3(234.5%),19.5,50475.23046875,0.0,0,6707.87451171875,69975.6845703125,3185.7185670246686,0,0,0,0,0,0,,0,0,,0,0,0,0,,cilium-test-1,client-5b9b5866cb-pvsm6,,FORWARDED,,0,0,0
1769612880,a5115bf7,10.96.0.10,10.0.0.11,53,33288,17,0,3,484,0.6,96.8,161.33333333333334,0,0.0,0,0,0.0,0,0.0,0,0,0.0,0,0,0,0.0,63,63.0,0.0,0.6666666666666666,0,ESTABLISHED,5.0,0.0,0.0,0,0,3.7,idle,19.5,50475.23046875,0.0,0,6707.87451171875,69975.6845703125,3185.7185670246686,0,0,0,0,0,0,,0,0,,0,0,0,0,,kube-system,coredns-66bc5c9577-fxqd5,,FORWARDED,,0,0,0
1769612880,73f65335,10.0.0.11,10.0.0.181,34967,53,17,0,3,270,0.6,54.0,90.0,0,0.0,0,0,0.0,0,0.0,0,0,0.0,0,0,0,0.0,63,63.0,0.0,0.3333333333333333,3,ESTABLISHED,5.0,0.0,0.0,0,0,3.7,python3(115.5%),19.5,50475.23046875,0.0,0,6707.87451171875,69975.6845703125,3185.7185670246686,0,0,0,0,0,0,,0,0,,0,0,0,0,,cilium-test-1,client-5b9b5866cb-pvsm6,,FORWARDED,,0,0,0
1769612881,fa770eea,10.0.0.11,10.0.0.181,39130,53,17,0,2,180,0.4,36.0,90.0,0,0.0,0,0,0.0,0,0.0,0,0,0.0,0,0,0,0.0,63,63.0,0.0,0.5,2,ESTABLISHED,5.0,0.0,0.0,0,0,3.7,python3(236.3%),19.5,50475.23046875,0.0,0,6707.87451171875,69975.6845703125,3185.7185670246686,0,0,0,0,0,0,,0,0,,0,0,0,0,,cilium-test-1,client-5b9b5866cb-pvsm6,,FORWARDED,,0,0,0
1769612881,1bcd2b9a,10.96.0.10,10.0.0.11,53,39130,17,0,2,333,0.4,66.6,166.5,0,0.0,0,0,0.0,0,0.0,0,0,0.0,0,0,0,0.0,63,63.0,0.0,1.0,0,ESTABLISHED,5.0,0.0,0.0,0,0,3.7,python3(118.1%),19.5,50475.23046875,0.0,0,6707.87451171875,69975.6845703125,3185.7185670246686,0,0,0,0,0,0,,0,0,,0,0,0,0,,kube-system,coredns-66bc5c9577-fxqd5,,FORWARDED,,0,0,0
1769612881,220ba785,10.96.0.10,10.0.0.11,53,34967,17,0,3,483,0.6,96.6,161.0,0,0.0,0,0,0.0,0,0.0,0,0,0.0,0,0,0,0.0,63,63.0,0.0,0.6666666666666666,0,ESTABLISHED,5.0,0.0,0.0,0,0,3.7,idle,19.5,50475.23046875,0.0,0,6707.87451171875,69975.6845703125,3185.7185670246686,0,0,0,0,0,0,,0,0,,0,0,0,0,,kube-system,coredns-66bc5c9577-fxqd5,,FORWARDED,,0,0,0
1769612881,fde830c1,10.0.0.11,10.0.0.181,43013,53,17,0,2,180,0.4,36.0,90.0,0,0.0,0,0,0.0,0,0.0,0,0,0.0,0,0,0,0.0,63,63.0,0.0,0.5,2,ESTABLISHED,5.0,0.0,0.0,0,0,0.0,idle,19.5,50475.23046875,0.0,0,6707.87451171875,69975.6845703125,3185.7185670246686,0,0,0,0,0,0,,0,0,,0,0,0,0,,cilium-test-1,client-5b9b5866cb-pvsm6,,FORWARDED,,0,0,0
1769612881,ce58bc26,10.0.0.11,10.0.0.181,52906,53,17,0,2,180,0.4,36.0,90.0,0,0.0,0,0,0.0,0,0.0,0,0,0.0,0,0,0,0.0,63,63.0,0.0,0.5,2,ESTABLISHED,5.0,0.0,0.0,0,0,7.1,python3(234.5%),19.5,50475.23046875,0.0,0,6707.87451171875,69975.6845703125,3185.7185670246686,0,0,0,0,0,0,,0,0,,0,0,0,0,,cilium-test-1,client-5b9b5866cb-pvsm6,,FORWARDED,,0,0,0
1769612881,ec5ba873,10.96.0.10,10.0.0.11,53,43013,17,0,2,333,0.4,66.6,166.5,0,0.0,0,0,0.0,0,0.0,0,0,0.0,0,0,0,0.0,63,63.0,0.0,1.0,0,ESTABLISHED,5.0,0.0,0.0,0,0,3.6,python3(115.6%),19.5,50475.23046875,0.0,0,6707.87451171875,69975.6845703125,3185.7185670246686,0,0,0,0,0,0,,0,0,,0,0,0,0,,kube-system,coredns-66bc5c9577-fxqd5,,FORWARDED,,0,0,0
1769612881,cf137971,10.96.0.10,10.0.0.11,53,52906,17,0,2,333,0.4,66.6,166.5,0,0.0,0,0,0.0,0,0.0,0,0,0.0,0,0,0,0.0,63,63.0,0.0,1.0,0,ESTABLISHED,5.0,0.0,0.0,0,0,0.0,python3(116.1%),19.5,50475.23046875,0.0,0,6707.87451171875,69975.6845703125,3185.7185670246686,0,0,0,0,0,0,,0,0,,0,0,0,0,,kube-system,coredns-66bc5c9577-fxqd5,,FORWARDED,,0,0,0
1769612881,146c0e05,10.0.0.11,10.0.0.181,37942,53,17,0,2,180,0.4,36.0,90.0,0,0.0,0,0,0.0,0,0.0,0,0,0.0,0,0,0,0.0,63,63.0,0.0,0.5,2,ESTABLISHED,5.0,0.0,0.0,0,0,3.6,idle,19.5,50475.23046875,0.0,0,6707.87451171875,69975.6845703125,3185.7185670246686,0,0,0,0,0,0,,0,0,,0,0,0,0,,cilium-test-1,client-5b9b5866cb-pvsm6,,FORWARDED,,0,0,0
1769612881,e6b8431e,10.96.0.10,10.0.0.11,53,37942,17,0,2,333,0.4,66.6,166.5,0,0.0,0,0,0.0,0,0.0,0,0,0.0,0,0,0,0.0,63,63.0,0.0,1.0,0,ESTABLISHED,5.0,0.0,0.0,0,0,3.6,python3(115.5%),19.5,50475.23046875,0.0,0,6707.87451171875,69975.6845703125,3185.7185670246686,0,0,0,0,0,0,,0,0,,0,0,0,0,,kube-system,coredns-66bc5c9577-fxqd5,,FORWARDED,,0,0,0
1769612881,a3913548,10.0.0.11,10.0.0.177,45134,80,6,0,41,2521,8.2,504.2,61.48780487804878,0,0.0,0,0,0.0,0,0.0,18,0,18.0,0,0,1,0.0,63,63.0,0.0,0.0975609756097561,0,ESTABLISHED,5.0,1.050884071,0.0,2,0,7.1,python3(117.0%),19.5,50475.23046875,0.0,0,6707.87451171875,69975.6845703125,3185.7185670246686,0,0,0,0,0,0,,0,0,,0,0,0,0,,cilium-test-1,client-5b9b5866cb-pvsm6,,FORWARDED,,0,0,0
1769612881,09e492f1,10.105.76.177,10.0.0.11,80,45134,6,0,61,104112,12.2,20822.4,1706.7540983606557,9,0.14754098360655737,9,20,0.0,0,0.0,0,3,0.0,0,0,17,0.0,63,63.0,0.0,0.08196721311475409,0,ESTABLISHED,5.0,0.0,0.47540983606557374,0,0,0.0,python3(115.9%),19.5,50475.23046875,0.0,0,6707.87451171875,69975.6845703125,3185.7185670246686,0,0,0,0,0,0,,0,0,,0,0,0,0,,cilium-test-1,nginx-server,,FORWARDED,,0,0,0
1769612881,e414eb46,10.0.0.11,10.0.0.177,45142,80,6,0,83,4849,16.6,969.8,58.42168674698795,0,0.0,0,0,0.0,0,0.0,18,0,18.0,0,0,1,0.0,63,63.0,0.0,0.04819277108433735,0,ESTABLISHED,5.0,0.020084689,0.0,1,0,3.7,idle,19.5,50475.23046875,0.0,0,6707.87451171875,69975.6845703125,3185.7185670246686,0,0,0,0,0,0,,0,0,,0,0,0,0,,cilium-test-1,client-5b9b5866cb-pvsm6,,FORWARDED,,0,0,0
1769612881,2fdc7124,10.105.76.177,10.0.0.11,80,45142,6,0,117,198398,23.4,39679.6,1695.7094017094016,16,0.13675213675213677,16,38,0.0,0,0.0,0,1,0.0,0,0,29,0.0,63,63.0,0.0,0.042735042735042736,0,ESTABLISHED,5.0,0.0,0.46153846153846156,0,0,3.7,python3(232.3%),19.5,50475.23046875,0.0,0,6707.87451171875,69975.6845703125,3185.7185670246686,0,0,0,0,0,0,,0,0,,0,0,0,0,,cilium-test-1,nginx-server,,FORWARDED,,0,0,0
1769612881,f9b8495a,10.0.0.11,10.0.0.177,45146,80,6,0,38,2205,7.6,441.0,58.026315789473685,0,0.0,0,0,0.0,0,0.0,18,0,18.0,0,0,1,0.0,63,63.0,0.0,0.10526315789473684,0,ESTABLISHED,5.0,1.050481329,0.0,2,0,3.6,idle,19.5,50475.23046875,0.0,0,6707.87451171875,69975.6845703125,3185.7185670246686,0,0,0,0,0,0,,0,0,,0,0,0,0,,cilium-test-1,client-5b9b5866cb-pvsm6,,FORWARDED,,0,0,0
1769612881,08f0dd7a,10.105.76.177,10.0.0.11,80,45146,6,0,55,84228,11.0,16845.6,1531.418181818182,6,0.10909090909090909,6,12,0.0,0,0.0,0,3,0.0,0,0,9,0.0,63,63.0,0.0,0.09090909090909091,0,ESTABLISHED,5.0,0.0,0.32727272727272727,0,0,0.0,python3(115.8%),19.5,50475.23046875,0.0,0,6707.87451171875,69975.6845703125,3185.7185670246686,0,0,0,0,0,0,,0,0,,0,0,0,0,,cilium-test-1,nginx-server,,FORWARDED,,0,0,0
1769612881,f8c0d43c,10.0.0.11,10.0.0.177,45154,80,6,0,83,5197,16.6,1039.4,62.6144578313253,0,0.0,0,0,0.0,0,0.0,18,0,18.0,0,0,1,0.0,63,63.0,0.0,0.060240963855421686,0,ESTABLISHED,5.0,0.020018877,0.0,1,0,6.9,python3(114.5%),19.5,50475.23046875,0.0,0,6707.87451171875,69975.6845703125,3185.7185670246686,0,0,0,0,0,0,,0,0,,0,0,0,0,,cilium-test-1,client-5b9b5866cb-pvsm6,,FORWARDED,,0,0,0
1769612881,b556a842,10.105.76.177,10.0.0.11,80,45154,6,0,126,245878,25.2,49175.6,1951.4126984126983,20,0.15873015873015872,20,57,0.0,0,0.0,0,1,0.0,0,0,55,0.0,63,63.0,0.0,0.03968253968253968,0,ESTABLISHED,5.0,0.0,0.6111111111111112,0,0,0.0,python3(114.6%),19.5,50475.23046875,0.0,0,6707.87451171875,69975.6845703125,3185.7185670246686,0,0,0,0,0,0,,0,0,,0,0,0,0,,cilium-test-1,nginx-server,,FORWARDED,,0,0,0
1769612881,5e556007,10.0.0.89,10.0.0.181,51102,8080,6,0,5,376,1.0,75.2,75.2,0,0.0,0,0,0.0,0,0.0,26,0,26.0,1,0,1,0.0,63,63.0,0.0,0.6,0,CLOSING,5.0,2.5929e-05,0.0,1,0,3.6,python3(116.5%),19.5,50475.23046875,0.0,0,6707.87451171875,69975.6845703125,3185.7185670246686,0,0,0,0,0,0,,0,0,,0,0,0,0,,,,,FORWARDED,,0,0,0
1769612881,cc4b9ae5,10.0.0.89,10.0.0.163,58640,4222,6,0,12,898,2.4,179.6,74.83333333333333,0,0.0,0,0,1.0,1,0.0,26,0,26.0,1,1,6,0.0,63,63.0,0.0,0.6666666666666666,0,CLOSING,5.0,3.6963e-05,0.08333333333333333,1,0,3.6,idle,19.5,50475.23046875,0.0,0,6707.87451171875,69975.6845703125,3185.7185670246686,0,0,0,0,0,0,,0,0,,0,0,0,0,,,,,FORWARDED,,0,0,0
1769612881,952104be,10.102.214.146,10.0.0.11,80,53866,6,0,8,3806,1.6,761.2,475.75,1,0.125,1,1,0.0,0,0.0,0,1,0.0,2,0,2,0.0,63,63.0,0.0,0.75,0,ESTABLISHED,5.0,0.0,0.25,0,0,3.7,python3(235.0%),19.5,50475.23046875,0.0,0,6707.87451171875,69975.6845703125,3185.7185670246686,0,0,0,0,0,0,,0,0,,0,0,0,0,,cilium-test-1,echo-server-6f59665f5f-8fth2,,FORWARDED,,0,0,0
1769612881,b1a42bfd,10.0.0.89,10.0.0.106,36902,80,6,0,4,426,0.8,85.2,106.5,0,0.0,0,0,0.0,0,0.0,26,0,26.0,0,0,1,0.0,63,63.0,0.0,0.75,0,ESTABLISHED,5.0,3.2989e-05,0.0,1,0,3.7,python3(115.8%),19.5,50475.23046875,0.0,0,6707.87451171875,69975.6845703125,3185.7185670246686,0,0,0,0,0,0,,0,0,,0,0,0,0,,,,,FORWARDED,,0,0,0
1769612881,c84ef2d0,10.0.0.89,10.0.0.181,43366,8181,6,0,6,427,1.2,85.4,71.16666666666667,0,0.0,0,0,0.0,0,0.0,26,0,26.0,1,0,1,0.0,63,63.0,0.0,0.5,0,ESTABLISHED,5.0,2.4614e-05,0.0,1,0,3.6,idle,19.5,50475.23046875,0.0,0,6707.87451171875,69975.6845703125,3185.7185670246686,0,0,0,0,0,0,,0,0,,0,0,0,0,,,,,FORWARDED,,0,0,0
1769612881,8256aa3e,10.0.0.11,10.0.0.177,58258,80,6,0,3,249,0.6,49.8,83.0,0,0.0,0,0,0.0,0,0.0,18,0,18.0,0,0,1,0.0,63,63.0,0.0,1.0,0,ESTABLISHED,5.0,0.020021229,0.0,1,0,3.6,python3(116.0%),19.5,50475.23046875,0.0,0,6707.87451171875,69975.6845703125,3185.7185670246686,0,0,0,0,0,0,,0,0,,0,0,0,0,,cilium-test-1,client-5b9b5866cb-pvsm6,,FORWARDED,,0,0,0
1769612881,6123d710,10.105.76.177,10.0.0.11,80,58258,6,0,8,13266,1.6,2653.2,1658.25,0,0.0,0,4,0.0,0,0.0,0,1,0.0,0,0,5,0.0,63,63.0,0.0,0.625,0,ESTABLISHED,5.0,0.0,0.5,0,0,3.7,python3(114.7%),19.5,50475.23046875,0.0,0,6707.87451171875,69975.6845703125,3185.7185670246686,0,0,0,0,0,0,,0,0,,0,0,0,0,,cilium-test-1,nginx-server,,FORWARDED,,0,0,0
1769612881,4e40e006,10.0.0.11,10.0.0.177,45114,80,6,0,1,40,0.2,8.0,40.0,0,0.0,0,0,1.0,1,0.0,18,0,18.0,0,1,0,0.0,63,63.0,0.0,1.0,0,CLOSING,5.0,0.0,1.0,0,0,0.9,"etcd(6.0%),python3(6.0%)",19.5,50486.99609375,0.0,0,6707.87451171875,69975.6884765625,3185.720102259543,0,0,0,0,0,0,,0,0,,0,0,0,0,,cilium-test-1,client-5b9b5866cb-pvsm6,,FORWARDED,,0,0,0
1769612881,5eb8f78e,10.105.76.177,10.0.0.11,80,45114,6,0,1,1450,0.2,290.0,1450.0,1,1.0,1,0,0.0,0,0.0,0,0,0.0,0,0,0,0.0,63,63.0,0.0,1.0,0,ESTABLISHED,5.0,0.0,1.0,0,0,3.3,python3(109.7%),19.5,50486.99609375,0.0,0,6707.87451171875,69975.6884765625,3185.720102259543,0,0,0,0,0,0,,0,0,,0,0,0,0,,cilium-test-1,nginx-server,,FORWARDED,,0,0,0
1769612881,a3913548,10.0.0.11,10.0.0.177,45134,80,6,0,72,4160,14.4,832.0,57.77777777777778,0,0.0,0,0,0.0,0,0.0,18,0,18.0,0,0,0,0.0,63,63.0,0.0,0.041666666666666664,0,ESTABLISHED,5.0,0.020046216,0.0,0,0,3.6,python3(112.3%),19.5,50487.0234375,0.0,0,6707.87451171875,69975.6884765625,3185.720102259543,0,0,0,0,0,0,,0,0,,0,0,0,0,,cilium-test-1,client-5b9b5866cb-pvsm6,,FORWARDED,,0,0,0
1769612881,a3913548,10.0.0.11,10.0.0.177,45134,80,6,0,12,660,2.4,132.0,55.0,0,0.0,0,0,0.0,0,0.0,18,0,18.0,0,0,0,0.0,63,63.0,0.0,0.16666666666666666,0,ESTABLISHED,5.0,0.020026727,0.0,0,0,7.1,python3(112.7%),19.5,50487.26953125,0.0,0,6707.87451171875,69975.6884765625,3185.720102259543,0,0,0,0,0,0,,0,0,,0,0,0,0,,cilium-test-1,client-5b9b5866cb-pvsm6,,FORWARDED,,0,0,0
1769612881,09e492f1,10.105.76.177,10.0.0.11,80,45134,6,0,119,183734,23.8,36746.8,1543.9831932773109,22,0.18487394957983194,16,27,0.0,0,0.0,0,0,0.0,0,0,10,0.0,63,63.0,0.0,0.01680672268907563,0,ESTABLISHED,5.0,0.0,0.4117647058823529,0,0,3.6,python3(112.1%),19.5,50486.796875,0.0,0,6707.87451171875,69975.6884765625,3185.720102259543,0,0,0,0,0,0,,0,0,,0,0,0,0,,cilium-test-1,nginx-server,,FORWARDED,,0,0,0
1769612881,09e492f1,10.105.76.177,10.0.0.11,80,45134,6,0,21,38838,4.2,7767.6,1849.4285714285713,2,0.09523809523809523,2,7,0.0,0,0.0,0,0,0.0,0,0,6,0.0,63,63.0,0.0,0.09523809523809523,0,ESTABLISHED,5.0,0.0,0.42857142857142855,0,0,3.6,idle,19.5,50486.796875,0.0,0,6707.87451171875,69975.6884765625,3185.720102259543,0,0,0,0,0,0,,0,0,,0,0,0,0,,cilium-test-1,nginx-server,,FORWARDED,,0,0,0
1769612881,e414eb46,10.0.0.11,10.0.0.177,45142,80,6,0,144,8172,28.8,1634.4,56.75,0,0.0,0,0,0.0,0,0.0,18,0,18.0,0,0,0,0.0,63,63.0,0.0,0.013888888888888888,0,ESTABLISHED,5.0,0.020047485,0.0,0,0,3.7,python3(117.3%),19.5,50486.32421875,0.0,0,6707.87451171875,69975.6884765625,3185.720102259543,0,0,0,0,0,0,,0,0,,0,0,0,0,,cilium-test-1,client-5b9b5866cb-pvsm6,,FORWARDED,,0,0,0
1769612881,e414eb46,10.0.0.11,10.0.0.177,45142,80,6,0,24,1392,4.8,278.4,58.0,0,0.0,0,0,0.0,0,0.0,18,0,18.0,0,0,0,0.0,63,63.0,0.0,0.08333333333333333,0,ESTABLISHED,5.0,0.080209925,0.0,0,0,3.7,"python3(230.5%),cilium-agent(116.6%)",19.5,50486.32421875,0.0,0,6707.87451171875,69975.6884765625,3185.720102259543,0,0,0,0,0,0,,0,0,,0,0,0,0,,cilium-test-1,client-5b9b5866cb-pvsm6,,FORWARDED,,0,0,0
1769612881,2fdc7124,10.105.76.177,10.0.0.11,80,45142,6,0,226,366844,45.2,73368.8,1623.203539823009,35,0.15486725663716813,35,54,0.0,0,0.0,0,0,0.0,0,0,31,0.0,63,63.0,0.0,0.008849557522123894,0,ESTABLISHED,5.0,0.0,0.3938053097345133,0,0,6.7,idle,19.5,50486.32421875,0.0,0,6707.87451171875,69975.6884765625,3185.720102259543,0,0,0,0,0,0,,0,0,,0,0,0,0,,cilium-test-1,nginx-server,,FORWARDED,,0,0,0
1769612881,2fdc7124,10.105.76.177,10.0.0.11,80,45142,6,0,38,67682,7.6,13536.4,1781.1052631578948,6,0.15789473684210525,6,12,0.0,0,0.0,0,0,0.0,0,0,9,0.0,63,63.0,0.0,0.05263157894736842,0,ESTABLISHED,5.0,0.0,0.47368421052631576,0,0,0.0,python3(113.7%),19.5,50486.5703125,0.0,0,6707.87451171875,69975.6884765625,3185.720102259543,0,0,0,0,0,0,,0,0,,0,0,0,0,,cilium-test-1,nginx-server,,FORWARDED,,0,0,0
1769612881,f9b8495a,10.0.0.11,10.0.0.177,45146,80,6,0,80,4556,16.0,911.2,56.95,0,0.0,0,0,0.0,0,0.0,18,0,18.0,0,0,0,0.0,63,63.0,0.0,0.025,0,ESTABLISHED,5.0,0.020020568,0.0,0,0,3.6,python3(114.2%),19.5,50486.5703125,0.0,0,6707.87451171875,69975.6884765625,3185.720102259543,0,0,0,0,0,0,,0,0,,0,0,0,0,,cilium-test-1,client-5b9b5866cb-pvsm6,,FORWARDED,,0,0,0
1769612881,08f0dd7a,10.105.76.177,10.0.0.11,80,45146,6,0,146,243854,29.2,48770.8,1670.2328767123288,24,0.1643835616438356,24,37,0.0,0,0.0,0,0,0.0,0,0,26,0.0,63,63.0,0.0,0.0136986301369863,0,ESTABLISHED,5.0,0.0,0.4178082191780822,0,0,6.9,python3(116.7%),19.5,50486.5703125,0.0,0,6707.87451171875,69975.6884765625,3185.720102259543,0,0,0,0,0,0,,0,0,,0,0,0,0,,cilium-test-1,nginx-server,,FORWARDED,,0,0,0
1769612881,08f0dd7a,10.105.76.177,10.0.0.11,80,45146,6,0,1,1450,0.2,290.0,1450.0,0,0.0,0,0,0.0,0,0.0,0,0,0.0,0,0,0,0.0,63,63.0,0.0,1.0,0,ESTABLISHED,5.0,0.0,0.0,0,0,0.0,idle,19.5,50486.5703125,0.0,0,6707.87451171875,69975.6884765625,3185.720102259543,0,0,0,0,0,0,,0,0,,0,0,0,0,,cilium-test-1,nginx-server,,FORWARDED,,0,0,0
1769612881,f8c0d43c,10.0.0.11,10.0.0.177,45154,80,6,0,109,6144,21.8,1228.8,56.36697247706422,0,0.0,0,0,0.0,0,0.0,18,0,18.0,0,0,0,0.0,63,63.0,0.0,0.027522935779816515,0,ESTABLISHED,5.0,0.020020643,0.0,0,0,3.6,"python3(225.7%),cilium-agent(113.6%)",19.5,50486.5703125,0.0,0,6707.87451171875,69975.6884765625,3185.720102259543,0,0,0,0,0,0,,0,0,,0,0,0,0,,cilium-test-1,client-5b9b5866cb-pvsm6,,FORWARDED,,0,0,0
1769612881,f8c0d43c,10.0.0.11,10.0.0.177,45154,80,6,0,8,476,1.6,95.2,59.5,0,0.0,0,0,0.0,0,0.0,18,0,18.0,0,0,0,0.0,63,63.0,0.0,0.25,0,ESTABLISHED,5.0,0.020024799,0.0,0,0,6.9,python3(112.7%),19.5,50486.5703125,0.0,0,6707.87451171875,69975.6884765625,3185.720102259543,0,0,0,0,0,0,,0,0,,0,0,0,0,,cilium-test-1,client-5b9b5866cb-pvsm6,,FORWARDED,,0,0,0
1769612881,b556a842,10.105.76.177,10.0.0.11,80,45154,6,0,153,231636,30.6,46327.2,1513.9607843137255,24,0.1568627450980392,24,28,0.0,0,0.0,0,0,0.0,0,0,9,0.0,63,63.0,0.0,0.013071895424836602,0,ESTABLISHED,5.0,0.0,0.33986928104575165,0,0,3.6,idle,19.5,50486.3359375,0.0,0,6707.87451171875,69975.6884765625,3185.720102259543,0,0,0,0,0,0,,0,0,,0,0,0,0,,cilium-test-1,nginx-server,,FORWARDED,,0,0,0
1769612881,b556a842,10.105.76.177,10.0.0.11,80,45154,6,0,14,20300,2.8,4060.0,1450.0,3,0.21428571428571427,3,3,0.0,0,0.0,0,0,0.0,0,0,0,0.0,63,63.0,0.0,0.07142857142857142,0,ESTABLISHED,5.0,0.0,0.42857142857142855,0,0,0.0,"python3(114.3%),kube-scheduler(113.9%)",19.5,50486.3359375,0.0,0,6707.87451171875,69975.6884765625,3185.720102259543,0,0,0,0,0,0,,0,0,,0,0,0,0,,cilium-test-1,nginx-server,,FORWARDED,,0,0,0
1769612881,b1a42bfd,10.0.0.89,10.0.0.106,36902,80,6,0,1,52,0.2,10.4,52.0,0,0.0,0,0,0.0,0,0.0,26,0,26.0,1,0,0,0.0,63,63.0,0.0,1.0,0,CLOSING,5.0,0.0,0.0,0,0,3.6,python3(118.4%),19.5,50486.3359375,0.0,0,6707.87451171875,69975.6884765625,3185.720102259543,0,0,0,0,0,0,,0,0,,0,0,0,0,,,,,FORWARDED,,0,0,0
1769612881,8256aa3e,10.0.0.11,10.0.0.177,58258,80,6,0,158,9160,31.6,1832.0,57.9746835443038,0,0.0,0,0,0.0,0,0.0,18,0,18.0,0,0,0,0.0,63,63.0,0.0,0.0189873417721519,0,ESTABLISHED,5.0,1.3539e-05,0.0,0,0,3.7,python3(113.1%),19.5,50486.3359375,0.0,0,6707.87451171875,69975.6884765625,3185.720102259543,0,0,0,0,0,0,,0,0,,0,0,0,0,,cilium-test-1,client-5b9b5866cb-pvsm6,,FORWARDED,,0,0,0
1769612881,8256aa3e,10.0.0.11,10.0.0.177,58258,80,6,0,14,836,2.8,167.2,59.714285714285715,0,0.0,0,0,0.0,0,0.0,18,0,18.0,0,0,0,0.0,63,63.0,0.0,0.14285714285714285,0,ESTABLISHED,5.0,0.020024331,0.0,0,0,3.6,idle,19.5,50486.3359375,0.0,0,6707.87451171875,69975.6884765625,3185.720102259543,0,0,0,0,0,0,,0,0,,0,0,0,0,,cilium-test-1,client-5b9b5866cb-pvsm6,,FORWARDED,,0,0,0
1769612881,6123d710,10.105.76.177,10.0.0.11,80,58258,6,0,228,382326,45.6,76465.2,1676.8684210526317,34,0.14912280701754385,34,64,0.0,0,0.0,0,0,0.0,0,0,39,0.0,63,63.0,0.0,0.008771929824561403,0,ESTABLISHED,5.0,0.0,0.4298245614035088,0,0,3.6,python3(230.4%),19.5,50486.3359375,0.0,0,6707.87451171875,69975.6884765625,3185.720102259543,0,0,0,0,0,0,,0,0,,0,0,0,0,,cilium-test-1,nginx-server,,FORWARDED,,0,0,0
1769612881,6123d710,10.105.76.177,10.0.0.11,80,58258,6,0,22,36094,4.4,7218.8,1640.6363636363637,5,0.22727272727272727,5,6,0.0,0,0.0,0,0,0.0,0,0,3,0.0,63,63.0,0.0,0.09090909090909091,0,ESTABLISHED,5.0,0.0,0.5,0,0,3.7,python3(116.9%),19.5,50486.3359375,0.0,0,6707.87451171875,69975.6884765625,3185.720102259543,0,0,0,0,0,0,,0,0,,0,0,0,0,,cilium-test-1,nginx-server,,FORWARDED,,0,0,0
1769612881,acac3597,10.0.0.89,10.0.0.60,60536,8081,6,0,6,421,1.2,84.2,70.16666666666667,0,0.0,0,0,0.0,0,0.0,26,0,26.0,1,0,1,0.0,63,63.0,0.0,0.5,0,CLOSING,5.0,3.2131e-05,0.0,1,0,3.6,python3(112.2%),19.5,50486.3359375,0.0,0,6707.87451171875,69975.6884765625,3185.720102259543,0,0,0,0,0,0,,0,0,,0,0,0,0,,,,,FORWARDED,,0,0,0
1769612881,e635be30,10.0.0.11,10.0.0.181,36299,53,17,0,2,164,0.4,32.8,82.0,0,0.0,0,0,0.0,0,0.0,0,0,0.0,0,0,0,0.0,63,63.0,0.0,0.5,2,ESTABLISHED,5.0,0.0,0.0,0,0,10.0,kubelet(213.8%),19.5,50486.3359375,0.0,0,6707.87451171875,69975.6884765625,3185.720102259543,0,0,0,0,0,0,,0,0,,0,0,0,0,,cilium-test-1,client-5b9b5866cb-pvsm6,,FORWARDED,,0,0,0
1769612881,00c6d7f7,10.96.0.10,10.0.0.11,53,36299,17,0,2,309,0.4,61.8,154.5,0,0.0,0,0,0.0,0,0.0,0,0,0.0,0,0,0,0.0,63,63.0,0.0,1.0,0,ESTABLISHED,5.0,0.0,0.0,0,0,7.1,"kubelet(113.0%),cri-dockerd(112.6%),python3(112.0%)",19.5,50486.3359375,0.0,0,6707.87451171875,69975.6884765625,3185.720102259543,0,0,0,0,0,0,,0,0,,0,0,0,0,,kube-system,coredns-66bc5c9577-fxqd5,,FORWARDED,,0,0,0
1769612881,036256d3,10.102.214.146,10.0.0.11,80,53876,6,0,7,5140,1.4,1028.0,734.2857142857143,1,0.14285714285714285,1,1,0.0,0,0.0,0,1,0.0,1,0,2,0.0,63,63.0,0.0,0.7142857142857143,0,CLOSING,5.0,0.0,0.2857142857142857,0,0,3.6,python3(224.9%),19.5,50486.3359375,0.0,0,6707.87451171875,69975.6884765625,3185.720102259543,0,0,0,0,0,0,,0,0,,0,0,0,0,,cilium-test-1,echo-server-6f59665f5f-8fth2,,FORWARDED,,0,0,0
1769612881,4f38a902,10.0.0.89,10.0.0.106,36910,80,6,0,4,426,0.8,85.2,106.5,0,0.0,0,0,0.0,0,0.0,26,0,26.0,0,0,1,0.0,63,63.0,0.0,0.75,0,ESTABLISHED,5.0,2.1311e-05,0.0,1,0,3.4,idle,19.5,50486.3359375,0.0,0,6707.87451171875,69975.6884765625,3185.720102259543,0,0,0,0,0,0,,0,0,,0,0,0,0,,,,,FORWARDED,,0,0,0
1769612881,1889dd19,10.0.0.89,10.0.0.60,60550,8081,6,0,5,376,1.0,75.2,75.2,0,0.0,0,0,0.0,0,0.0,26,0,26.0,1,0,1,0.0,63,63.0,0.0,0.6,0,CLOSING,5.0,2.8616e-05,0.0,1,0,0.0,python3(114.7%),19.5,50486.3359375,0.0,0,6707.87451171875,69975.6884765625,3185.720102259543,0,0,0,0,0,0,,0,0,,0,0,0,0,,,,,FORWARDED,,0,0,0
1769612881,25623dec,10.0.0.11,10.0.0.181,45598,53,17,0,2,164,0.4,32.8,82.0,0,0.0,0,0,0.0,0,0.0,0,0,0.0,0,0,0,0.0,63,63.0,0.0,0.5,2,ESTABLISHED,5.0,0.0,0.0,0,0,3.6,python3(115.7%),19.5,50486.3359375,0.0,0,6707.87451171875,69975.6884765625,3185.720102259543,0,0,0,0,0,0,,0,0,,0,0,0,0,,cilium-test-1,client-5b9b5866cb-pvsm6,,FORWARDED,,0,0,0
1769612881,a823777a,10.96.0.10,10.0.0.11,53,45598,17,0,2,309,0.4,61.8,154.5,0,0.0,0,0,0.0,0,0.0,0,0,0.0,0,0,0,0.0,63,63.0,0.0,1.0,0,ESTABLISHED,5.0,0.0,0.0,0,0,7.1,python3(117.2%),19.5,50486.3359375,0.0,0,6707.87451171875,69975.6884765625,3185.720102259543,0,0,0,0,0,0,,0,0,,0,0,0,0,,kube-system,coredns-66bc5c9577-fxqd5,,FORWARDED,,0,0,0
1769612881,98740f36,10.102.214.146,10.0.0.11,80,53882,6,0,7,2073,1.4,414.6,296.14285714285717,0,0.0,0,0,0.0,0,0.0,0,3,0.0,1,0,1,0.0,63,63.0,0.0,0.5714285714285714,0,CLOSING,5.0,0.0,0.0,0,0,7.1,"dockerd(114.8%),cri-dockerd(114.8%)",19.5,50486.3359375,0.0,0,6707.87451171875,69975.6884765625,3185.720102259543,0,0,0,0,0,0,,0,0,,0,0,0,0,,cilium-test-1,echo-server-6f59665f5f-8fth2,,FORWARDED,,0,0,0
1769612881,14b0cbfd,10.0.0.89,10.0.0.106,36914,80,6,0,4,426,0.8,85.2,106.5,0,0.0,0,0,0.0,0,0.0,26,0,26.0,0,0,1,0.0,63,63.0,0.0,0.75,0,ESTABLISHED,5.0,3.057e-05,0.0,1,0,0.0,python3(227.7%),19.5,50486.3359375,0.0,0,6707.87451171875,69975.6884765625,3185.720102259543,0,0,0,0,0,0,,0,0,,0,0,0,0,,,,,FORWARDED,,0,0,0
1769612881,a4a115c6,10.0.0.89,10.0.0.163,58648,4222,6,0,12,910,2.4,182.0,75.83333333333333,0,0.0,0,0,0.0,0,0.0,26,0,26.0,1,0,7,0.0,63,63.0,0.0,0.6666666666666666,0,CLOSING,5.0,2.768e-05,0.0,1,0,6.9,cilium-envoy(113.8%),19.5,50486.3359375,0.0,0,6707.87451171875,69975.6884765625,3185.720102259543,0,0,0,0,0,0,,0,0,,0,0,0,0,,,,,FORWARDED,,0,0,0
